Brand,Product,Display,RAM,DDR/SDR,HardDisk,Processor,OS,Pricing,Customer,Rating
HP,HP 14q APU Dual Core A6 - (4 GB/256 GB SSD/Windows 10 Home) 14q-cy0004AU Thin and Light Laptop,14,4 GB DDR4,DDR,256 GB SSD,AMD APU Dual Core A6,64 bit Windows 10,19990,694,4
APPLE,Apple MacBook Air Core i5 5th Gen - (8 GB/128 GB SSD/Mac OS Sierra) MQD32HN/A A1466,13.3,8 GB DDR3,DDR,128 GB SSD,Intel Core i5  (5th Gen),64 bit Mac OS,62990,16733,4.7
HP,HP 15s Core i3 8th Gen - (8 GB/1 TB HDD/Windows 10 Home) 15s-du0093TU Laptop,15.6,8 GB DDR4,DDR,1 TB HDD,Intel Core i3  (8th Gen),64 bit Windows 10,36990,110,4.4
ASUS,Asus APU Dual Core E1 - (4 GB/500 GB HDD/Windows 10 Home) X540YA-XO547T Laptop,15.6,4 GB DDR3,DDR,500 GB HDD,AMD APU Dual Core E1,64 bit Windows 10,17990,1932,3.8
LENOVO,Lenovo Ideapad 330 Celeron Dual Core - (4 GB/1 TB HDD/Windows 10 Home) 330-15IKB Laptop,15.6,4 GB DDR4,DDR,1 TB HDD,Intel Celeron Dual Core,64 bit Windows 10,19990,52,4.2
HP,HP 15q APU Dual Core A9 - (4 GB/1 TB HDD/Windows 10 Home) 15q-dy0007AU Laptop,15.6,4 GB DDR4,DDR,1 TB HDD,AMD APU Dual Core A9,64 bit Windows 10,22990,1695,4
DELL,Dell 14 3000 Core i3 7th Gen - (4 GB/1 TB HDD/Windows 10 Home) inspiron3481 Laptop,14,4 GB DDR4,DDR,1 TB HDD,Intel Core i3  (7th Gen),64 bit Windows 10,27990,7,4.3
HP,HP Pavilion 15 Core i5 8th Gen - (8 GB/1 TB HDD/Windows 10 Home/4 GB Graphics) 15-BC406TX Gaming Lapto...,15.6,8 GB DDR4,DDR,1 TB HDD,Intel Core i5  (8th Gen),64 bit Windows 10,53990,102,4.4
HP,HP 15q Core i5 7th Gen - (8 GB/1 TB HDD/Windows 10 Home) 15q-ds0029TU Laptop,15.6,8 GB DDR4,DDR,1 TB HDD,Intel Core i5  (7th Gen),64 bit Windows 10,40990,1244,4.1
HP,HP 15q Core i3 7th Gen - (8 GB/1 TB HDD/DOS) 15q-ds0017TU Laptop,15.6,8 GB DDR4,DDR,1 TB HDD,Intel Core i3  (7th Gen),DOS,30990,3751,4.3
DELL,Dell Vostro 15 Core i3 7th Gen - (4 GB/1 TB HDD/Windows 10 Home) 3568 Laptop,15.6,4 GB DDR4,DDR,1 TB HDD,Intel Core i3  (7th Gen),64 bit Windows 10,28990,611,4.1
HP,HP 15q Core i3 7th Gen - (4 GB/1 TB HDD/Windows 10 Home) 15q-ds0006TU Laptop,15.6,4 GB DDR4,DDR,1 TB HDD,Intel Core i3  (7th Gen),64 bit Windows 10,29990,4504,4.1
LENOVO,Lenovo Ideapad 330s Core i3 7th Gen - (4 GB/1 TB HDD/Windows 10 Home) 330S-14IKB Thin and Light Laptop,14,4 GB DDR4,DDR,1 TB HDD,Intel Core i3  (7th Gen),64 bit Windows 10,31990,192,4.2
ACER,Acer Aspire 3 Pentium Gold - (4 GB/500 GB HDD/Windows 10 Home) A315-53-P4MY Laptop,15.6,4 GB DDR4,DDR,500 GB HDD,Intel Pentium Gold,64 bit Windows 10,19490,2397,4.1
IBALL,iball Compbook Celeron Dual Core 7th Gen - (3 GB/32 GB EMMC Storage/Windows 10) Marvel6 V3.0 Laptop,14,3 GB DDR3,DDR,,Intel Celeron Dual Core  (7th Gen),64 bit Windows 10,11990,822,4.2
HP,HP 15 Core i3 7th Gen - (8 GB/1 TB HDD/Windows 10 Home) 15Q-DS0026TU Laptop,15.6,8 GB DDR4,DDR,1 TB HDD,Intel Core i3  (7th Gen),64 bit Windows 10,33490,742,4.3
HP,HP 14q Core i3 7th Gen - (4 GB/1 TB HDD/DOS) 14q-cs0009TU Thin and Light Laptop,14,4 GB DDR4,DDR,1 TB HDD,Intel Core i3  (7th Gen),DOS,26490,8544,4.2
DELL,Dell Inspiron 15 3000 Series Core i5 8th Gen - (8 GB/2 TB HDD/Windows 10 Home/2 GB Graphics) INS 3576 ...,15.6,8 GB DDR4,DDR,2 TB HDD,Intel Core i5  (8th Gen),64 bit Windows 10,49990,116,4.4
LENOVO,Lenovo Ideapad 130 APU Dual Core A6 - (4 GB/1 TB HDD/DOS) 130-15AST Laptop,15.6,4 GB DDR4,DDR,1 TB HDD,AMD APU Dual Core A6,DOS,17990,7,3.4
ACER,Acer Predator Helios 300 Core i7 9th Gen - (16 GB/1 TB HDD/256 GB SSD/Windows 10 Home/6 GB Graphics) P...,15.6,16 GB DDR4,DDR,1 TB HDD|256 GB SSD,Intel Core i7  (9th Gen),64 bit Windows 10,114990,212,4.6
LENOVO,Lenovo Ideapad L340 Core i7 9th Gen - (8 GB/1 TB HDD/128 GB SSD/Windows 10 Home/4 GB Graphics) L340-15...,15.6,8 GB DDR4,DDR,1 TB HDD|128 GB SSD,Intel Core i7  (9th Gen),64 bit Windows 10,72990,53,4.6
LENOVO,Lenovo Ideapad 330 Core i3 7th Gen - (8 GB/1 TB HDD/Windows 10 Home) 330-15IKB Laptop,15.6,8 GB DDR4,DDR,1 TB HDD,Intel Core i3  (7th Gen),64 bit Windows 10,31990,103,4.1
HP,HP 15q Core i5 8th Gen - (8 GB/1 TB HDD/DOS) 15q-ds0009TU Laptop,15.6,8 GB DDR4,DDR,1 TB HDD,Intel Core i5  (8th Gen),DOS,38990,2394,4.2
ACER,Acer Aspire 3 Core i5 8th Gen - (8 GB/1 TB HDD/Windows 10 Home/2 GB Graphics) A315-53G-5968 Laptop,15.6,8 GB DDR4,DDR,1 TB HDD,Intel Core i5  (8th Gen),64 bit Windows 10,39990,429,4.2
LENOVO,Lenovo Ideapad 130 Core i3 7th Gen - (4 GB/1 TB HDD/Windows 10 Home) 130-14IKB Laptop,14,4 GB DDR4,DDR,1 TB HDD,Intel Core i3  (7th Gen),64 bit Windows 10,26990,1777,4.1
ASUS,Asus VivoBook E12 Celeron Dual Core - (2 GB/32 GB EMMC Storage/Windows 10 Home) E203MA-FD014T Thin and...,11.6,2 GB DDR4,DDR,,Intel Celeron Dual Core,64 bit Windows 10,15990,1874,4.1
HP,HP 15 Core i3 7th Gen - (4 GB/1 TB HDD/Windows 10 Home) 15-da0352tu Laptop,15.6,4 GB DDR4,DDR,1 TB HDD,Intel Core i3  (7th Gen),64 bit Windows 10,29990,9,4.8
LENOVO,Lenovo Ideapad S340 Core i5 8th Gen - (8 GB/512 GB SSD/Windows 10 Home) S340-14IWL U Laptop,14,8 GB DDR4,DDR,512 GB SSD,Intel Core i5  (8th Gen),64 bit Windows 10,54490,1932,3.8
MSI,MSI Prestige Core i7 8th Gen - (8 GB/512 GB SSD/Windows 10 Home/4 GB Graphics) PS63 Modern 8RDS-098IN ...,15.6,8 GB DDR4,DDR,512 GB SSD,Intel Core i7  (8th Gen),64 bit Windows 10,81990,332,4
ASUS,Asus APU Dual Core E1 - (4 GB/500 GB HDD/Windows 10 Home) X540YA-XO547T Laptop,15.6,4 GB DDR3,DDR,500 GB HDD,AMD APU Dual Core E1,64 bit Windows 10,17990,41,4.2
HP,HP 15 APU Dual Core A4 - (4 GB/1 TB HDD/Windows 10 Home) 15-db0209au Laptop,15.6,4 GB DDR4,DDR,1 TB HDD,AMD APU Dual Core A4,64 bit Windows 10,20999,1695,4
HP,HP 14s Core i5 8th Gen - (8 GB/1 TB HDD/256 GB SSD/Windows 10 Home) 14s-cr1005TU Thin and Light Laptop,14,8 GB DDR4,DDR,1 TB HDD|256 GB SSD,Intel Core i5  (8th Gen),64 bit Windows 10,50990,102,4.4
HP,HP 14q APU Dual Core A9 - (4 GB/256 GB SSD/Windows 10 Home) 14q-cy0006AU Thin and Light Laptop,14,4 GB DDR4,DDR,256 GB SSD,AMD APU Dual Core A9,64 bit Windows 10,23990,849,4.1
HP,HP Pavilion 15 Core i5 8th Gen - (8 GB/1 TB HDD/Windows 10 Home/4 GB Graphics) 15-BC406TX Gaming Lapto...,15.6,8 GB DDR4,DDR,1 TB HDD,Intel Core i5  (8th Gen),64 bit Windows 10,53990,546,4.4
HP,HP 14q Core i5 8th Gen - (8 GB/256 GB SSD/Windows 10 Home) 14q-cs1002tu Thin and Light Laptop,14,8 GB DDR4,DDR,256 GB SSD,Intel Core i5  (8th Gen),64 bit Windows 10,47990,681,4.4
DELL,Dell 14 3000 Core i3 7th Gen - (4 GB/1 TB HDD/Linux) inspiron 3481 Laptop,14,4 GB DDR4,DDR,1 TB HDD,Intel Core i3  (7th Gen),Linux/Ubuntu,26990,559,4.5
ASUS,Asus VivoBook 14 Core i5 8th Gen - (8 GB/512 GB SSD/Windows 10 Home) X412FA-EK268T Thin and Light Lapt...,14,8 GB DDR4,DDR,512 GB SSD,Intel Core i5  (8th Gen),64 bit Windows 10,48990,681,4.4
ASUS,Asus VivoBook 14 Core i3 7th Gen - (4 GB/256 GB SSD/Windows 10 Home) X412UA-EK341T Thin and Light Lapt...,14,4 GB DDR4,DDR,256 GB SSD,Intel Core i3  (7th Gen),64 bit Windows 10,33990,83,4.4
ASUS,Asus ROG Strix G Core i5 9th Gen - (8 GB/1 TB HDD/Windows 10 Home/4 GB Graphics) G531GD-BQ036T Gaming ...,15.6,8 GB DDR4,DDR,1 TB HDD,Intel Core i5  (9th Gen),64 bit Windows 10,59990,142,4.1
ASUS,Asus VivoBook 14 Core i3 7th Gen - (4 GB/256 GB SSD/Windows 10 Home) X412UA-EK343T Laptop,14,4 GB DDR4,DDR,256 GB SSD,Intel Core i3  (7th Gen),64 bit Windows 10,33990,2394,4.2
HP,HP 15 Core i5 8th Gen - (8 GB/1 TB HDD/Windows 10) 15-da1041tu Laptop,15.6,8 GB DDR4,DDR,1 TB HDD,Intel Core i5  (8th Gen),64 bit Windows 10,45449,694,4
HP,HP 15q APU Dual Core A9 - (8 GB/1 TB HDD/Windows 10 Home) 15q-dy0011AU Laptop,15.6,8 GB DDR4,DDR,1 TB HDD,AMD APU Dual Core A9,64 bit Windows 10,27990,182,4.2
HP,HP 15q Core i5 8th Gen - (8 GB/1 TB HDD/Windows 10 Home) 15q-ds0010TU Laptop,15.6,8 GB DDR4,DDR,1 TB HDD,Intel Core i5  (8th Gen),64 bit Windows 10,42990,272,4.3
HP,HP 14q APU Dual Core A6 - (4 GB/256 GB SSD/Windows 10 Home) 14q-cy0004AU Thin and Light Laptop,14,4 GB DDR4,DDR,256 GB SSD,AMD APU Dual Core A6,64 bit Windows 10,19990,77,4.7
LENOVO,Lenovo Ideapad 130 APU Quad Core A6 7th Gen - (4 GB/1 TB HDD/Windows 10 Home/512 MB Graphics) 81H5003V...,15.6,4 GB DDR4,DDR,1 TB HDD,AMD APU Quad Core A6  (7th Gen),64 bit Windows 10,19280,38,4.1
ASUS,Asus APU Dual Core E1 - (4 GB/500 GB HDD/Windows 10 Home) X540YA-XO547T Laptop,15.6,4 GB DDR3,DDR,500 GB HDD,AMD APU Dual Core E1,64 bit Windows 10,17990,1932,3.8
HP,HP 15 Core i3 7th Gen - (4 GB/1 TB HDD/Windows 10 Home) 15-da0327TU Laptop,15.6,4 GB DDR4,DDR,1 TB HDD,Intel Core i3  (7th Gen),64 bit Windows 10,32490,1961,4.1
APPLE,Apple MacBook Air Core i5 8th Gen - (8 GB/256 GB SSD/Mac OS Mojave) MREC2HN/A,13.3,8 GB DDR3,DDR,256 GB SSD,Intel Core i5  (8th Gen),Mac OS,104990,77,4.7
LENOVO,Lenovo Ideapad L340 Core i5 9th Gen - (8 GB/1 TB HDD/128 GB SSD/Windows 10 Home/4 GB Graphics) L340-15...,15.6,8 GB DDR4,DDR,1 TB HDD|128 GB SSD,Intel Core i5  (9th Gen),64 bit Windows 10,66490,35,4.4
HP,HP Pavilion 15 Core i5 8th Gen - (8 GB/1 TB HDD/Windows 10 Home/4 GB Graphics) 15-BC406TX Gaming Lapto...,15.6,8 GB DDR4,DDR,1 TB HDD,Intel Core i5  (8th Gen),64 bit Windows 10,53990,102,4.4
DELL,Dell Inspiron 13 5000 Series Core i3 7th Gen - (4 GB/1 TB HDD/Windows 10 Home) 5378 2 in 1 Laptop,13.3,4 GB DDR4,DDR,1 TB HDD,Intel Core i3  (7th Gen),64 bit Windows 10,44990,27,3.4
LENOVO,Lenovo Ideapad S340 Core i3 8th Gen - (4 GB/256 GB SSD/Windows 10 Home) S340-14IWL Laptop,14,4 GB DDR4,DDR,256 GB SSD,Intel Core i3  (8th Gen),64 bit Windows 10,37390,4,4.3
MSI,MSI PS42 Prestige Core i5 8th Gen - (8 GB/512 GB SSD/Windows 10 Home) PS42 MODERN 8MO-075IN Thin and L...,14,8 GB DDR4,DDR,512 GB SSD,Intel Core i5  (8th Gen),64 bit Windows 10,59990,171,4.7
ASUS,Asus ZenBook 13 Core i7 8th Gen - (8 GB/512 GB SSD/Windows 10 Home) UX331UAL-EG031T Thin and Light Lap...,13.3,8 GB DDR3,DDR,512 GB SSD,Intel Core i7  (8th Gen),64 bit Windows 10,84990,436,4.5
ASUS,Asus VivoBook Ryzen 5 Quad Core - (4 GB/1 TB HDD/Windows 10 Home) X505ZA-EJ505TX505Z Thin and Light La...,15.6,4 GB DDR4,DDR,1 TB HDD,AMD Ryzen 5 Quad Core,64 bit Windows 10,31790,272,4.3
ASUS,Asus VivoBook 14 Core i3 7th Gen - (4 GB/256 GB SSD/Windows 10 Home) X412UA-EK343T Laptop,14,4 GB DDR4,DDR,256 GB SSD,Intel Core i3  (7th Gen),64 bit Windows 10,33990,681,4.4
HP,HP Pavilion 13 Core i5 8th Gen - (8 GB/128 GB SSD/Windows 10 Home) 13-an0045tu Thin and Light Laptop,13.3,8 GB DDR4,DDR,128 GB SSD,Intel Core i5  (8th Gen),64 bit Windows 10,54990,293,4.3
ASUS,Asus VivoBook 15 Core i3 8th Gen - (4 GB/1 TB HDD/Windows 10 Home) X540UA-GQ2113T Laptop,15.6,4 GB DDR4,DDR,1 TB HDD,Intel Core i3  (8th Gen),64 bit Windows 10,31990,694,4
ASUS,Asus VivoBook Ryzen 5 Quad Core - (8 GB/1 TB HDD/Windows 10 Home) X505ZA-EJ509TX505Z Thin and Light La...,15.6,8 GB DDR4,DDR,1 TB HDD,AMD Ryzen 5 Quad Core,64 bit Windows 10,35990,306,4
HP,HP 14q APU Dual Core A6 - (4 GB/256 GB SSD/Windows 10 Home) 14q-cy0004AU Thin and Light Laptop,14,4 GB DDR4,DDR,256 GB SSD,AMD APU Dual Core A6,64 bit Windows 10,19990,692,4.1
HP,HP 15Q Core i3 7th Gen - (8 GB/256 GB SSD/Windows 10 Home) 15q-ds0045TU Laptop,15.6,8 GB DDR4,DDR,256 GB SSD,Intel Core i3  (7th Gen),64 bit Windows 10,33990,12,4
ASUS,Asus X Series Core i3 7th Gen - (4 GB/1 TB HDD/Endless) X540UA-GQ704 Laptop,15.6,4 GB DDR4,DDR,1 TB HDD,Intel Core i3  (7th Gen),64 bit Endless,25990,2397,4.1
ASUS,Asus Vivobook 15 Core i5 8th Gen - (8 GB/512 GB SSD/Windows 10 Home/2 GB Graphics) X512FL-EJ503T Thin ...,15.6,8 GB DDR4,DDR,512 GB SSD,Intel Core i5  (8th Gen),64 bit Windows 10,57490,332,4
HP,HP Pavilion x360 Core i5 8th Gen - (8 GB/256 GB SSD/Windows 10 Home) 14-cd0081tu 2 in 1 Laptop,14,8 GB DDR4,DDR,256 GB SSD,Intel Core i5  (8th Gen),64 bit Windows 10,59990,65,4.3
ASUS,Asus APU Dual Core E1 - (4 GB/500 GB HDD/Windows 10 Home) X540YA-XO547T Laptop,15.6,4 GB DDR3,DDR,500 GB HDD,AMD APU Dual Core E1,64 bit Windows 10,17990,1932,3.8
LENOVO,Lenovo Ideapad 130 Core i3 7th Gen - (4 GB/1 TB HDD/Windows 10 Home) 130-15IKB Laptop,15.6,4 GB DDR4,DDR,1 TB HDD,Intel Core i3  (7th Gen),64 bit Windows 10,27390,1158,4.1
DELL,Dell Inspiron 15 3000 Series Core i3 7th Gen - (4 GB/1 TB HDD/Windows 10 Home) 3567 Laptop,15.6,4 GB DDR4,DDR,1 TB HDD,Intel Core i3  (7th Gen),64 bit Windows 10,29850,426,3.9
HP,HP HP Notebook Celeron Dual Core 7th Gen - (4 GB/1 TB HDD/DOS) 250 G6 Laptop,15.6,4 GB DDR4,DDR,1 TB HDD,Intel Celeron Dual Core  (7th Gen),32 bit DOS,20590,390,3.9
DELL,Dell XPS 13 Core i7 8th Gen - (16 GB/512 GB SSD/Windows 10 Home) 9380 Thin and Light Laptop,13.3,16 GB DDR4,DDR,512 GB SSD,Intel Core i7  (8th Gen),64 bit Windows 10,145154,221,4.8
APPLE,Apple MacBook Air Core i5 8th Gen - (8 GB/128 GB SSD/Mac OS Mojave) MVFM2HN/A,13.3,8 GB DDR3,DDR,128 GB SSD,Intel Core i5  (8th Gen),Mac OS,94990,102,4.4
HP,HP Pavilion 15 Core i5 8th Gen - (8 GB/1 TB HDD/Windows 10 Home/4 GB Graphics) 15-BC406TX Gaming Lapto...,15.6,8 GB DDR4,DDR,1 TB HDD,Intel Core i5  (8th Gen),64 bit Windows 10,53990,247,4.4
HP,HP Envy 13 Core i5 8th Gen - (8 GB/256 GB SSD/Windows 10 Home) 13-ah0043tu Thin and Light Laptop,13.3,8 GB DDR3,DDR,256 GB SSD,Intel Core i5  (8th Gen),64 bit Windows 10,69990,95,4.5
AVITA,Avita Liber Core i5 8th Gen - (8 GB/256 GB SSD/Windows 10 Home) NS14A2IN207P Thin and Light Laptop,14,8 GB DDR4,DDR,256 GB SSD,Intel Core i5  (8th Gen),64 bit Windows 10,64990,95,4.5
AVITA,Avita Liber Core i5 8th Gen - (8 GB/256 GB SSD/Windows 10 Home) NS14A2IN209P Thin and Light Laptop,14,8 GB DDR4,DDR,256 GB SSD,Intel Core i5  (8th Gen),64 bit Windows 10,64990,681,4.4
ASUS,Asus VivoBook 14 Core i3 7th Gen - (4 GB/256 GB SSD/Windows 10 Home) X412UA-EK343T Laptop,14,4 GB DDR4,DDR,256 GB SSD,Intel Core i3  (7th Gen),64 bit Windows 10,33990,82,4.3
HP,HP Pavilion Core i5 9th Gen - (8 GB/1 TB HDD/Windows 10 Home/3 GB Graphics) 15-bc515TX Gaming Laptop,15.6,8 GB DDR4,DDR,1 TB HDD,Intel Core i5  (9th Gen),64 bit Windows 10,57990,130,4.1
LENOVO,Lenovo Ideapad 130 Core i3 7th Gen - (4 GB/1 TB HDD/Windows 10 Home) 130-15IKB Laptop,15.6,4 GB DDR4,DDR,1 TB HDD,Intel Core i3  (7th Gen),64 bit Windows 10,27990,51,4.1
HP,HP Chromebook x360 Core i3 8th Gen - (8 GB/64 GB EMMC Storage/Chrome OS) 14-da0003TU 2 in 1 Laptop,14,8 GB DDR4,DDR,,Intel Core i3  (8th Gen),Chrome,43990,4,4.8
HP,HP 14-CK Series Core i3 7th Gen - (4 GB/1 TB HDD/Windows 10 Home) 14-ck0119TU Laptop,14,4 GB DDR4,DDR,1 TB HDD,Intel Core i3  (7th Gen),64 bit Windows 10,27844,694,4
HP,HP Pavilion 15 Ryzen 5 Quad Core - (8 GB/1 TB HDD/128 GB SSD/Windows 10 Home) 15-cw0027AU Laptop,15.6,8 GB DDR4,DDR,1 TB HDD|128 GB SSD,AMD Ryzen 5 Quad Core,64 bit Windows 10,48990,47,4.3
HP,HP 14q APU Dual Core A6 - (4 GB/256 GB SSD/Windows 10 Home) 14q-cy0004AU Thin and Light Laptop,14,4 GB DDR4,DDR,256 GB SSD,AMD APU Dual Core A6,64 bit Windows 10,19990,13,4.6
ACER,Acer Spin 3 Core i3 6th Gen - (4 GB/500 GB HDD/Windows 10 Home) SP315-51-30Q5 2 in 1 Laptop,15.6,4 GB DDR4,DDR,500 GB HDD,Intel Core i3  (6th Gen),64 bit Windows 10,36990,2397,4.1
APPLE,Apple MacBook Pro Core i9 8th Gen - (16 GB/512 GB SSD/Mac OS Mojave/4 GB Graphics) MV932HN,15.4,16 GB DDR3,DDR,512 GB SSD,Intel Core i9  (8th Gen),Mac OS,224990,136,4.7
LENOVO,Lenovo Ideapad 330 Celeron Dual Core - (4 GB/500 GB HDD/Windows 10 Home) 330-15IGM Laptop,15.6,4 GB DDR4,DDR,500 GB HDD,Intel Celeron Dual Core,64 bit Windows 10,22990,150,4
LENOVO,Lenovo Core i5 7th Gen - (8 GB/1 TB HDD/Windows 10 Home/2 GB Graphics) Ideapad 510 Laptop,15.6,8 GB DDR4,DDR,1 TB HDD,Intel Core i5  (7th Gen),64 bit Windows 10,57309,250,4.1
APPLE,Apple MacBook Pro Core i9 8th Gen - (16 GB/512 GB SSD/Mac OS Mojave/4 GB Graphics) MV912HN,15.4,16 GB DDR3,DDR,512 GB SSD,Intel Core i9  (8th Gen),Mac OS,224990,1932,3.8
ASUS,Asus APU Dual Core E1 - (4 GB/500 GB HDD/Windows 10 Home) X540YA-XO547T Laptop,15.6,4 GB DDR3,DDR,500 GB HDD,AMD APU Dual Core E1,64 bit Windows 10,17990,77,3.8
HP,HP 15 Ryzen 3 Dual Core - (4 GB/1 TB HDD/Windows 10 Home) 15-db0186AU Laptop,15.6,4 GB DDR4,DDR,1 TB HDD,AMD Ryzen 3 Dual Core,64 bit Windows 10,29799,8,5
HP,HP Pavilion Core i3 7th Gen - (8 GB/1 TB HDD/Windows 10 Home/2 GB Graphics) da0435tx Laptop,15.6,8 GB DDR4,DDR,1 TB HDD,Intel Core i3  (7th Gen),64 bit Windows 10,43490,102,4.4
ACER,Acer Core i7 6th Gen - (16 GB/1 TB HDD/128 GB SSD/Windows 10 Home/4 GB Graphics) G9-591 Gaming Laptop,15.6,16 GB DDR4,DDR,1 TB HDD|128 GB SSD,Intel Core i7  (6th Gen),64 bit Windows 10,179990,472,4.2
HP,HP Pavilion 15 Core i5 8th Gen - (8 GB/1 TB HDD/Windows 10 Home/4 GB Graphics) 15-BC406TX Gaming Lapto...,15.6,8 GB DDR4,DDR,1 TB HDD,Intel Core i5  (8th Gen),64 bit Windows 10,53990,46,4.3
HP,HP Notebook Core i3 7th Gen - (4 GB/1 TB HDD/Windows 10) 15-BS662TU Laptop,15.6,4 GB DDR4,DDR,1 TB HDD,Intel Core i3  (7th Gen),64 bit Windows 10,29497,12,4.1
LENOVO,Lenovo Ideapad 330s Core i5 8th Gen - (4 GB + 16 GB Optane/1 TB HDD/Windows 10 Home/4 GB Graphics) 330...,15.6,4 GB DDR4,DDR,1 TB HDD,Intel Core i5  (8th Gen),64 bit Windows 10,56490,6,4.8
LENOVO,Lenovo Ideapad L340 Core i5 9th Gen - (8 GB/1 TB HDD/Windows 10 Home/4 GB Graphics) L340-15IRH Gaming ...,15.6,8 GB DDR4,DDR,1 TB HDD,Intel Core i5  (9th Gen),64 bit Windows 10,63490,681,4.4
HP,HP Pavilion Core i7 9th Gen - (8 GB/1 TB HDD/256 GB SSD/Windows 10 Home/4 GB Graphics) 15-dk0050TX Gam...,15.6,8 GB DDR4,DDR,1 TB HDD|256 GB SSD,Intel Core i7  (9th Gen),64 bit Windows 10,91990,12,4.5
ACER,Acer NITRO 5 Core i5 9th Gen - (8 GB/2 TB HDD/256 GB SSD/Windows 10 Home/6 GB Graphics) AN515-54 Gamin...,15.6,8 GB DDR4,DDR,2 TB HDD|256 GB SSD,Intel Core i5  (9th Gen),64 bit Windows 10,98237,14,3.7
ASUS,Asus VivoBook 14 Core i3 7th Gen - (4 GB/256 GB SSD/Windows 10 Home) X412UA-EK343T Laptop,14,4 GB DDR4,DDR,256 GB SSD,Intel Core i3  (7th Gen),64 bit Windows 10,33990,694,4
ASUS,Asus VivoBook Core i3 7th Gen - (4 GB/1 TB HDD/Windows 10 Home) X441UA-GA508T Laptop,14,4 GB DDR4,DDR,1 TB HDD,Intel Core i3  (7th Gen),64 bit Windows 10,28990,8,4.6
HP,HP Envy 13 Core i7 8th Gen - (8 GB/256 GB SSD/Windows 10 Home/2 GB Graphics) 13-ah0044tx Thin and Ligh...,13.3,8 GB DDR3,DDR,256 GB SSD,Intel Core i7  (8th Gen),64 bit Windows 10,94490,22,4.5
HP,HP Imprint Core i3 6th Gen - (4 GB/1 TB HDD/Windows 10 Home) 15-BS541TU Laptop,15.6,4 GB DDR4,DDR,1 TB HDD,Intel Core i3  (6th Gen),64 bit Windows 10,29297,141,4.6
HP,HP 14q APU Dual Core A6 - (4 GB/256 GB SSD/Windows 10 Home) 14q-cy0004AU Thin and Light Laptop,14,4 GB DDR4,DDR,256 GB SSD,AMD APU Dual Core A6,64 bit Windows 10,19990,2397,4.1
LENOVO,Lenovo Core i3 8th Gen - (8 GB/1 TB SSD/Windows 10 Home/2 GB Graphics) C340-14IWL 2 in 1 Laptop,14,8 GB DDR4,DDR,1 TB SSD,Intel Core i3  (8th Gen),64 bit Windows 10,82190,221,4.8
NEXSTGO,Nexstgo Core i5 8th Gen - (8 GB/256 GB SSD/Windows 10 Pro) NX101 Thin and Light Laptop,14,8 GB DDR4,DDR,256 GB SSD,Intel Core i5  (8th Gen),64 bit Windows 10,79990,1932,3.8
APPLE,Apple MacBook Air Core i5 8th Gen - (8 GB/128 GB SSD/Mac OS Mojave) MVFK2HN/A,13.3,8 GB DDR3,DDR,128 GB SSD,Intel Core i5  (8th Gen),Mac OS,94990,95,4.5
ASUS,Asus APU Dual Core E1 - (4 GB/500 GB HDD/Windows 10 Home) X540YA-XO547T Laptop,15.6,4 GB DDR3,DDR,500 GB HDD,AMD APU Dual Core E1,64 bit Windows 10,17990,10,3.1
AVITA,Avita Liber Core i5 8th Gen - (8 GB/256 GB SSD/Windows 10 Home) NS14A2IN214P Thin and Light Laptop,14,8 GB DDR4,DDR,256 GB SSD,Intel Core i5  (8th Gen),64 bit Windows 10,64990,3,5
HP,HP 14q Core i5 8th Gen - (4 GB/1 TB HDD/Windows 10 Home) 14q-cs0007TU Laptop,14,4 GB DDR4,DDR,1 TB HDD,Intel Core i5  (8th Gen),64 bit Windows 10,39990,95,4.5
ASUS,Asus VivoBook 14 Core i3 8th Gen - (4 GB/256 GB SSD/Windows 10 Home) X412FA-EK436T Thin and Light Lapt...,14,4 GB DDR4,DDR,256 GB SSD,Intel Core i3  (8th Gen),64 bit Windows 10,38990,95,4.5
AVITA,Avita Liber Core i5 8th Gen - (8 GB/256 GB SSD/Windows 10 Home) NS14A2IN208P Thin and Light Laptop,14,8 GB DDR4,DDR,256 GB SSD,Intel Core i5  (8th Gen),64 bit Windows 10,64990,102,4.4
AVITA,Avita Liber Core i5 8th Gen - (8 GB/256 GB SSD/Windows 10 Home) NS14A2IN199P Thin and Light Laptop,14,8 GB DDR4,DDR,256 GB SSD,Intel Core i5  (8th Gen),64 bit Windows 10,64990,3,4
HP,HP Pavilion 15 Core i5 8th Gen - (8 GB/1 TB HDD/Windows 10 Home/4 GB Graphics) 15-BC406TX Gaming Lapto...,15.6,8 GB DDR4,DDR,1 TB HDD,Intel Core i5  (8th Gen),64 bit Windows 10,53990,17,4
LENOVO,Lenovo Ideapad 330 Core i5 8th Gen - (8 GB/1 TB HDD/Windows 10 Home/4 GB Graphics) 330-15ICH Laptop,15.6,8 GB DDR4,DDR,1 TB HDD,Intel Core i5  (8th Gen),64 bit Windows 10,53790,681,4.4
LENOVO,Lenovo Ideapad 330 Core i5 8th Gen - (8 GB/1 TB HDD/DOS/4 GB Graphics) 330-15IKB Laptop,15.6,8 GB DDR4,DDR,1 TB HDD,Intel Core i5  (8th Gen),DOS,65690,95,4.5
ASUS,Asus Vivobook Core i5 8th Gen - (4 GB + 16 GB Optane/1 TB HDD/Windows 10 Home/2 GB Graphics) X510UF-EJ...,15.6,4 GB DDR4,DDR,1 TB HDD,Intel Core i5  (8th Gen),64 bit Windows 10,46490,95,4.5
ASUS,Asus VivoBook 14 Core i3 7th Gen - (4 GB/256 GB SSD/Windows 10 Home) X412UA-EK343T Laptop,14,4 GB DDR4,DDR,256 GB SSD,Intel Core i3  (7th Gen),64 bit Windows 10,33990,138,4.7
AVITA,Avita Liber Core i5 8th Gen - (8 GB/256 GB SSD/Windows 10 Home) NS14A2IN202P Thin and Light Laptop,14,8 GB DDR4,DDR,256 GB SSD,Intel Core i5  (8th Gen),64 bit Windows 10,64990,223,4.2
AVITA,Avita Liber Core i5 8th Gen - (8 GB/256 GB SSD/Windows 10 Home) NS14A2IN198P Thin and Light Laptop,14,8 GB DDR4,DDR,256 GB SSD,Intel Core i5  (8th Gen),64 bit Windows 10,64990,694,4
HP,HP G5 Core i5 8th Gen - (8 GB/512 GB SSD/Windows 10 Home) 348 G5 Laptop,14,8 GB DDR4,DDR,512 GB SSD,Intel Core i5  (8th Gen),64 bit Windows 10,62300,2397,4.1
ASUS,Asus VivoBook S14 Core i7 8th Gen - (8 GB/1 TB HDD/256 GB SSD/Windows 10 Home/2 GB Graphics) S430FN-EB...,14,8 GB DDR4,DDR,1 TB HDD|256 GB SSD,Intel Core i7  (8th Gen),64 bit Windows 10,88190,212,4.6
HP,HP Pavilion x360 Core i7 10th Gen - (16 GB/512 GB SSD/Windows 10 Home/2 GB Graphics) 14-dh1026TX 2 in ...,14,16 GB DDR4,DDR,512 GB SSD,Intel Core i7  (10th Gen),64 bit Windows 10,98999,146,3.8
ACER,Acer Aspire 3 Core i5 8th Gen - (4 GB/1 TB HDD/Windows 10 Home) A315-53-59GR Laptop,15.6,4 GB DDR4,DDR,1 TB HDD,Intel Core i5  (8th Gen),64 bit Windows 10,34990,138,4.7
ASUS,Asus VivoBook S14 Core i7 8th Gen - (8 GB/1 TB HDD/256 GB SSD/Windows 10 Home/2 GB Graphics) S430FN-EB...,14,8 GB DDR4,DDR,1 TB HDD|256 GB SSD,Intel Core i7  (8th Gen),64 bit Windows 10,88190,230,4.3
ASUS,Asus VivoBook 14 Core i5 8th Gen - (8 GB/512 GB SSD/Windows 10 Home/2 GB Graphics) X412FJ-EK177T Thin ...,14,8 GB DDR4,DDR,512 GB SSD,Intel Core i5  (8th Gen),64 bit Windows 10,59990,1932,3.8
LENOVO,Lenovo Ideapad 130 APU Dual Core A9 - (4 GB/1 TB HDD/Windows 10 Home) 130-15AST Laptop,15.6,4 GB DDR4,DDR,1 TB HDD,AMD APU Dual Core A9,64 bit Windows 10,24990,451,3.7
ASUS,Asus APU Dual Core E1 - (4 GB/500 GB HDD/Windows 10 Home) X540YA-XO547T Laptop,15.6,4 GB DDR3,DDR,500 GB HDD,AMD APU Dual Core E1,64 bit Windows 10,17990,59,4.1
LENOVO,Lenovo APU Dual Core A6 7th Gen - (4 GB/1 TB HDD/DOS) IP 320E Notebook,15.6,4 GB DDR4,DDR,1 TB HDD,AMD APU Dual Core A6  (7th Gen),DOS,22000,155,4.7
HP,HP 15q Ryzen 5 Quad Core - (4 GB/1 TB HDD/Windows 10 Home) 15q-dy0008AU Laptop,15.6,4 GB DDR4,DDR,1 TB HDD,AMD Ryzen 5 Quad Core,64 bit Windows 10,31990,102,4.4
ASUS,Asus ROG Strix G Core i5 9th Gen - (8 GB/512 GB SSD/Windows 10 Home/4 GB Graphics) G531GT-BQ002T Gamin...,15.6,8 GB DDR4,DDR,512 GB SSD,Intel Core i5  (9th Gen),64 bit Windows 10,69990,33,4.3
HP,HP Pavilion 15 Core i5 8th Gen - (8 GB/1 TB HDD/Windows 10 Home/4 GB Graphics) 15-BC406TX Gaming Lapto...,15.6,8 GB DDR4,DDR,1 TB HDD,Intel Core i5  (8th Gen),64 bit Windows 10,53990,1,5
ASUS,Asus Core i3 8th Gen - (4 GB/1 TB HDD/Windows 10 Home) X540UA-GQ2098T Laptop,15.6,4 GB DDR4,DDR,1 TB HDD,Intel Core i3  (8th Gen),64 bit Windows 10,31990,694,4
ACER,Acer Aspire 3 Ryzen 3 Dual Core - (4 GB/1 TB HDD/Windows 10 Home) A315-42 / A315-42G Laptop,15.6,4 GB DDR4,DDR,1 TB HDD,AMD Ryzen 3 Dual Core,64 bit Windows 10,35669,402,4.6
ACER,Acer Swift 3 Core i5 8th Gen - (8 GB/512 GB SSD/Windows 10 Home) SF313-51 Thin and Light Laptop,13.3,8 GB DDR4,DDR,512 GB SSD,Intel Core i5  (8th Gen),64 bit Windows 10,54990,13,4.1
LENOVO,Lenovo Ideapad 720S Core i5 8th Gen - (8 GB/512 GB SSD/Windows 10 Home) 720S-13IKB Thin and Light Lapt...,13.3,8 GB DDR4,DDR,512 GB SSD,Intel Core i5  (8th Gen),64 bit Windows 10,83458,681,4.4
ACER,Acer Swift 3 Core i5 8th Gen - (8 GB/1 TB HDD/Windows 10 Home) SF315-51-50b5 Laptop,15.6,8 GB DDR4,DDR,1 TB HDD,Intel Core i5  (8th Gen),64 bit Windows 10,50999,212,4.6
HP,HP 14q APU Dual Core A6 - (4 GB/256 GB SSD/Windows 10 Home) 14q-cy0004AU Thin and Light Laptop,14,4 GB DDR4,DDR,256 GB SSD,AMD APU Dual Core A6,64 bit Windows 10,19990,146,4.5
NEXSTGO,Nexstgo Core i7 8th Gen - (16 GB/512 GB SSD/Windows 10 Pro) NX101 Thin and Light Laptop,14,16 GB DDR4,DDR,512 GB SSD,Intel Core i7  (8th Gen),64 bit Windows 10,102990,1932,3.8
ASUS,Asus APU Dual Core E1 - (4 GB/500 GB HDD/Windows 10 Home) X540YA-XO547T Laptop,15.6,4 GB DDR3,DDR,500 GB HDD,AMD APU Dual Core E1,64 bit Windows 10,17990,2,5
ASUS,Asus ZenBook 13 Core i5 8th Gen - (8 GB/512 GB SSD/Windows 10 Home) UX333FA-A4184T Thin and Light Lapt...,13.3,8 GB DDR3,DDR,512 GB SSD,Intel Core i5  (8th Gen),64 bit Windows 10,78991,102,4.4
HP,HP Pavilion Core i7 9th Gen - (12 GB/1 TB HDD/512 GB SSD/Windows 10 Home/6 GB Graphics) 15-dk0052TX Ga...,15.6,12 GB DDR4,DDR,1 TB HDD|512 GB SSD,Intel Core i7  (9th Gen),64 bit Windows 10,116990,6,3.7
ASUS,Asus FX503 Core i7 7th Gen - (8 GB/1 TB HDD/128 GB SSD/Windows 10 Home/4 GB Graphics) FX503VD-DM112T G...,15.6,8 GB DDR4,DDR,1 TB HDD|128 GB SSD,Intel Core i7  (7th Gen),64 bit Windows 10,87990,647,4.5
HP,HP Pavilion 15 Core i5 8th Gen - (8 GB/1 TB HDD/Windows 10 Home/4 GB Graphics) 15-BC406TX Gaming Lapto...,15.6,8 GB DDR4,DDR,1 TB HDD,Intel Core i5  (8th Gen),64 bit Windows 10,53990,2862,4.1
APPLE,Apple MacBook Core m3 7th Gen - (8 GB/256 GB SSD/Mac OS Sierra) MNYH2HN/A,12,8 GB DDR3,DDR,256 GB SSD,Intel Core m3  (7th Gen),64 bit Mac OS,112990,70,4.3
LENOVO,Lenovo Core i7 6th Gen - (8 GB/512 GB SSD/Windows 10 Home) Yoga 900 2 in 1 Laptop,13.3,8 GB DDR3,DDR,512 GB SSD,Intel Core i7  (6th Gen),64 bit Windows 10,128690,681,4.4
MICROSOFT,Microsoft Surface Go Pentium Gold - (4 GB/64 GB EMMC Storage/Windows 10 Home in S Mode) 1824 2 in 1 La...,10,4 GB DDR3,DDR,,Intel Pentium Gold,64 bit Windows 10,37999,95,4.5
DELL,Dell Vostro 14 3000 Core i5 8th Gen - (8 GB/1 TB HDD/Windows 10 Home/2 GB Graphics) vos 3480 Laptop,14,8 GB DDR4,DDR,1 TB HDD,Intel Core i5  (8th Gen),64 bit Windows 10,47990,77,3.8
HP,HP Pavilion x360 Core i5 7th Gen - (8 GB/1 TB HDD/8 GB SSD/Windows 10 Home/2 GB Graphics) 14-ba073TX 2...,14,8 GB DDR4,DDR,1 TB HDD|8 GB SSD,Intel Core i5  (7th Gen),64 bit Windows 10,72990,5,3.6
ASUS,Asus VivoBook 14 Core i3 7th Gen - (4 GB/256 GB SSD/Windows 10 Home) X412UA-EK343T Laptop,14,4 GB DDR4,DDR,256 GB SSD,Intel Core i3  (7th Gen),64 bit Windows 10,33990,694,4
AVITA,Avita Liber Core i5 8th Gen - (8 GB/256 GB SSD/Windows 10 Home) NS14A2IN200P Thin and Light Laptop,14,8 GB DDR4,DDR,256 GB SSD,Intel Core i5  (8th Gen),64 bit Windows 10,64990,4,4.3
LENOVO,Lenovo B50-70 Notebook (4th Gen Ci5/ 8GB/ 1TB/ Win8/ 2GB Graph) (59-427747),15.6,8 GB DDR3,DDR,1 TB HDD,Intel Core i5  (4th Gen),64 bit Windows 8,52490,647,4.5
ASUS,Asus ZenBook 13 Core i7 8th Gen - (8 GB/512 GB SSD/Windows 10 Home) UX333FA-A4115T Thin and Light Lapt...,13.3,8 GB DDR3,DDR,512 GB SSD,Intel Core i7  (8th Gen),64 bit Windows 10,84990,3,4.3
HP,HP 14q APU Dual Core A6 - (4 GB/256 GB SSD/Windows 10 Home) 14q-cy0004AU Thin and Light Laptop,14,4 GB DDR4,DDR,256 GB SSD,AMD APU Dual Core A6,64 bit Windows 10,19990,2397,4.1
LENOVO,Lenovo Yoga 530 Core i5 8th Gen - (8 GB/512 GB SSD/Windows 10 Home/2 GB Graphics) 530-14IKB 2 in 1 Lap...,14,8 GB DDR4,DDR,512 GB SSD,Intel Core i5  (8th Gen),64 bit Windows 10,83990,25,4.7
ACER,Acer Spin 5 Core i3 7th Gen - (4 GB/256 GB SSD/Windows 10 Home) SP513-51 2 in 1 Laptop,13.3,4 GB DDR4,DDR,256 GB SSD,Intel Core i3  (7th Gen),64 bit Windows 10,51999,49,4.4
ASUS,Asus APU Dual Core E1 - (4 GB/500 GB HDD/Windows 10 Home) X540YA-XO547T Laptop,15.6,4 GB DDR3,DDR,500 GB HDD,AMD APU Dual Core E1,64 bit Windows 10,17990,1932,3.8
HP,HP 15q Core i3 7th Gen - (4 GB/1 TB HDD/Windows 10 Home) 15q-bu039TU Laptop,15.6,4 GB DDR4,DDR,1 TB HDD,Intel Core i3  (7th Gen),64 bit Windows 10,35616,620,4.2
LENOVO,Lenovo Ideapad 320E Core i5 7th Gen - (4 GB/1 TB HDD/Windows 10 Home/2 GB Graphics) 320e-15ikb d Lapto...,15.6,4 GB DDR4,DDR,1 TB HDD,Intel Core i5  (7th Gen),64 bit Windows 10,53590,537,4.1
APPLE,Apple MacBook Pro Core i5 8th Gen - (8 GB/512 GB SSD/Mac OS Mojave) MV9A2HN,13.3,8 GB DDR3,DDR,512 GB SSD,Intel Core i5  (8th Gen),Mac OS,169990,25,4.7
HP,HP Core i3 6th Gen - (4 GB/500 GB HDD/Windows 10 Pro) 240 G5 Business Laptop,14,4 GB DDR3,DDR,500 GB HDD,Intel Core i3  (6th Gen),64 bit Windows 10,51609,5,4.6
MICROSOFT,Microsoft Surface Core i5 7th Gen - (8 GB/256 GB SSD/Windows 10 S) 1769 Thin and Light Laptop,13.5,8 GB DDR3,DDR,256 GB SSD,Intel Core i5  (7th Gen),64 bit Windows 10,114999,102,4.4
HP,HP Pavilion 15 Core i5 8th Gen - (8 GB/1 TB HDD/Windows 10 Home/4 GB Graphics) 15-BC406TX Gaming Lapto...,15.6,8 GB DDR4,DDR,1 TB HDD,Intel Core i5  (8th Gen),64 bit Windows 10,53990,1,4
APPLE,Apple MacBook Pro Core i7 7th Gen - (16 GB/512 GB SSD/Mac OS Sierra/2 GB Graphics) MPTT2HN/A,15.4,16 GB DDR3,DDR,512 GB SSD,Intel Core i7  (7th Gen),64 bit Mac OS,229990,681,4.4
ACER,Acer Spin 7 Core i7 7th Gen - (8 GB/256 GB SSD/Windows 10 Home) SP714-51 Laptop,14,8 GB DDR3,DDR,256 GB SSD,Intel Core i7  (7th Gen),64 bit Windows 10,119990,921,4.6
MSI,MSI Core i7 9th Gen - (16 GB/1 TB SSD/Windows 10 Home/8 GB Graphics) GS65 Stealth 9SF-635IN Gaming Lap...,15.6,16 GB DDR4,DDR,1 TB SSD,Intel Core i7  (9th Gen),64 bit Windows 10,214990,7,4.3
ASUS,Asus VivoBook 14 Core i3 7th Gen - (4 GB/256 GB SSD/Windows 10 Home) X412UA-EK343T Laptop,14,4 GB DDR4,DDR,256 GB SSD,Intel Core i3  (7th Gen),64 bit Windows 10,33990,10,3.5
DELL,Dell Inspiron 15 7000 Core i7 7th Gen - (8 GB/1 TB HDD/Windows 10 Home/4 GB Graphics) 7567 Gaming Lapt...,15.6,8 GB DDR4,DDR,1 TB HDD,Intel Core i7  (7th Gen),64 bit Windows 10,86000,220,4.5
HP,HP Core M 6th Gen - (4 GB/128 GB SSD/Windows 10 Pro) X2 2 in 1 Laptop,12,4 GB DDR3,DDR,128 GB SSD,Intel Core M  (6th Gen),64 bit Windows 10,89855,694,4
MSI,MSI GL Core i7 7th Gen - (8 GB/1 TB HDD/Windows 10 Home/4 GB Graphics) GL62 7RD Gaming Laptop,15.6,8 GB DDR4,DDR,1 TB HDD,Intel Core i7  (7th Gen),64 bit Windows 10,79990,34,3.9
MICROSOFT,Microsoft Surface Pro Core i5 7th Gen - (4 GB/128 GB SSD/Windows 10 Pro) 1796 2 in 1 Laptop,12.3,4 GB DDR3,DDR,128 GB SSD,Intel Core i5  (7th Gen),64 bit Windows 10,79999,3188,4.5
ASUS,Asus Core i3 7th Gen - (4 GB/256 GB SSD/Windows 10 Home) X509UA-EJ362T Laptop,15.6,4 GB DDR4,DDR,256 GB SSD,Intel Core i3  (7th Gen),64 bit Windows 10,30980,212,4.6
HP,HP 14q APU Dual Core A6 - (4 GB/256 GB SSD/Windows 10 Home) 14q-cy0004AU Thin and Light Laptop,14,4 GB DDR4,DDR,256 GB SSD,AMD APU Dual Core A6,64 bit Windows 10,19990,74,4.4
LENOVO,Lenovo Ideapad 130 Core i5 8th Gen - (8 GB/1 TB HDD/Windows 10 Home/2 GB Graphics) 130-15IKB Laptop,15.6,8 GB DDR4,DDR,1 TB HDD,Intel Core i5  (8th Gen),64 bit Windows 10,45990,2374,4.2
AVITA,Avita Liber Core i5 7th Gen - (8 GB/256 GB SSD/Windows 10 Home) NS14A1IN010P Thin and Light Laptop,14,8 GB DDR3,DDR,256 GB SSD,Intel Core i5  (7th Gen),64 bit Windows 10,41990,50,4.5
ACER,Acer Helios 300 Core i5 9th Gen - (8 GB/1 TB HDD/256 GB SSD/Windows 10 Home/6 GB Graphics) PH-317-53-5...,17.3,8 GB DDR4,DDR,1 TB HDD|256 GB SSD,Intel Core i5  (9th Gen),64 bit Windows 10,117490,2,5
MSI,MSI Raider Core i7 8th Gen - (16 GB/1 TB HDD/512 GB SSD/Windows 10 Home/8 GB Graphics) GE63 Gaming Lap...,15.6,16 GB DDR4,DDR,1 TB HDD|512 GB SSD,Intel Core i7  (8th Gen),64 bit Windows 10,194990,1932,3.8
ASUS,Asus APU Dual Core E1 - (4 GB/500 GB HDD/Windows 10 Home) X540YA-XO547T Laptop,15.6,4 GB DDR3,DDR,500 GB HDD,AMD APU Dual Core E1,64 bit Windows 10,17990,3188,4.5
DELL,Dell Inspiron 13 7000 Series Core i5 8th Gen - (8 GB/256 GB SSD/Windows 10 Home) insp 7386 2 in 1 Lapt...,13.3,8 GB DDR4,DDR,256 GB SSD,Intel Core i5  (8th Gen),64 bit Windows 10,91990,102,4.4
ALIENWARE,Alienware 15 Core i9 8th Gen - (32 GB/1 TB HDD/1 TB SSD/Windows 10 Home/8 GB Graphics) AW159321TB8S Ga...,15.6,32 GB DDR4,DDR,1 TB HDD|1 TB SSD,Intel Core i9  (8th Gen),64 bit Windows 10,320990,4,4.8
ACER,Acer Predator Helios 300 Core i5 7th Gen - (8 GB/1 TB HDD/128 GB SSD/Windows 10 Home/4 GB Graphics) G3...,15.6,8 GB DDR4,DDR,1 TB HDD|128 GB SSD,Intel Core i5  (7th Gen),64 bit Windows 10,129999,5,4
HP,HP Pavilion 15 Core i5 8th Gen - (8 GB/1 TB HDD/Windows 10 Home/4 GB Graphics) 15-BC406TX Gaming Lapto...,15.6,8 GB DDR4,DDR,1 TB HDD,Intel Core i5  (8th Gen),64 bit Windows 10,53990,681,4.4
HP,HP Spectre x360 Core i5 8th Gen - (8 GB/256 GB SSD/Windows 10 Home) 13-ap0100TU 2 in 1 Laptop,13.3,8 GB DDR4,DDR,256 GB SSD,Intel Core i5  (8th Gen),64 bit Windows 10,140337,10,3.9
ACER,Acer Helios 300 Core i7 9th Gen - (16 GB/2 TB HDD/256 GB SSD/Windows 10 Home/8 GB Graphics) PH317-53-7...,17.3,16 GB DDR4,DDR,2 TB HDD|256 GB SSD,Intel Core i7  (9th Gen),64 bit Windows 10,176490,11,4.7
MSI,MSI Stealth Core i7 8th Gen - (16 GB/512 GB SSD/Windows 10 Home/6 GB Graphics) GS65 Gaming Laptop,15.6,16 GB DDR4,DDR,512 GB SSD,Intel Core i7  (8th Gen),64 bit Windows 10,189990,694,4
ASUS,Asus ROG Strix Edition Core i7 7th Gen - (8 GB/1 TB HDD/128 GB SSD/Windows 10 Home/4 GB Graphics) GL50...,15.6,8 GB DDR4,DDR,1 TB HDD|128 GB SSD,Intel Core i7  (7th Gen),64 bit Windows 10,92990,162,4.3
HP,HP Pavilion Core i5 8th Gen - (8 GB/512 GB SSD/Windows 10 Home/2 GB Graphics) 14-ce1073TX Laptop,14,8 GB DDR4,DDR,512 GB SSD,Intel Core i5  (8th Gen),64 bit Windows 10,69990,1,4
ASUS,Asus VivoBook 14 Core i3 7th Gen - (4 GB/256 GB SSD/Windows 10 Home) X412UA-EK343T Laptop,14,4 GB DDR4,DDR,256 GB SSD,Intel Core i3  (7th Gen),64 bit Windows 10,33990,212,4.6
HP,HP Omen Core i7 9th Gen - (8 GB/1 TB HDD/256 GB SSD/Windows 10 Home/4 GB Graphics) 15-dc1093TX Gaming ...,15.6,8 GB DDR4,DDR,1 TB HDD|256 GB SSD,Intel Core i7  (9th Gen),64 bit Windows 10,92990,9,4.9
ASUS,Asus APU Dual Core E1 - (4 GB/500 GB HDD/Windows 10 Home) X540YA-XO547T Laptop,15.6,4 GB DDR3,DDR,500 GB HDD,AMD APU Dual Core E1,64 bit Windows 10,17790,1932,3.8
HP,HP 15 Ryzen 3 Dual Core - (4 GB/1 TB HDD/256 GB SSD/Windows 10 Home) 15-db0239AU Laptop,15.6,4 GB DDR4,DDR,1 TB HDD|256 GB SSD,AMD Ryzen 3 Dual Core,64 bit Windows 10,34299,102,4.4
HP,HP Pavilion 15 Core i5 8th Gen - (8 GB/1 TB HDD/Windows 10 Home/4 GB Graphics) 15-BC406TX Gaming Lapto...,15.6,8 GB DDR4,DDR,1 TB HDD,Intel Core i5  (8th Gen),64 bit Windows 10,53990,12,4
HP,HP Omen Core i5 9th Gen - (8 GB/1 TB HDD/256 GB SSD/Windows 10 Home/4 GB Graphics) 15-dc1092TX Gaming ...,15.6,8 GB DDR4,DDR,1 TB HDD|256 GB SSD,Intel Core i5  (9th Gen),64 bit Windows 10,79990,6,4
LENOVO,Lenovo Ideapad S145 Core i3 8th Gen - (4 GB/1 TB HDD/Windows 10 Home) S145-15IWL Thin and Light Laptop,15.6,4 GB DDR4,DDR,1 TB HDD,Intel Core i3  (8th Gen),64 bit Windows 10,35490,681,4.4
LENOVO,Lenovo Ideapad 130 Core i5 8th Gen - (8 GB/1 TB HDD/Windows 10 Home/2 GB Graphics) 130-15IKB Laptop,15.6,8 GB DDR4,DDR,1 TB HDD,Intel Core i5  (8th Gen),64 bit Windows 10,48990,3,4.7
LENOVO,Lenovo Ideapad 330 Core i5 8th Gen - (4 GB + 16 GB Optane/1 TB HDD/Windows 10 Home/4 GB Graphics) Idea...,15.6,4 GB DDR4,DDR,1 TB HDD,Intel Core i5  (8th Gen),64 bit Windows 10,48990,694,4
HP,HP Pavilion Core i7 9th Gen - (12 GB/1 TB HDD/512 GB SSD/Windows 10 Home/4 GB Graphics) 15-dk0051TX Ga...,15.6,12 GB DDR4,DDR,1 TB HDD|512 GB SSD,Intel Core i7  (9th Gen),64 bit Windows 10,103989,1207,3.9
ASUS,Asus VivoBook 14 Core i3 7th Gen - (4 GB/256 GB SSD/Windows 10 Home) X412UA-EK343T Laptop,14,4 GB DDR4,DDR,256 GB SSD,Intel Core i3  (7th Gen),64 bit Windows 10,33990,3,3.7
HP,HP Pavilion x360 Core i5 10th Gen - (8 GB/1 TB HDD/256 GB SSD/Windows 10 Home) 14-dh1011TU 2 in 1 Lapt...,14,8 GB DDR4,DDR,1 TB HDD|256 GB SSD,Intel Core i5  (10th Gen),64 bit Windows 10,74490,2397,4.1
HP,HP Pavilion x360 Core i5 10th Gen - (8 GB/1 TB HDD/256 GB SSD/Windows 10 Home/2 GB Graphics) 14-dh1025...,14,8 GB DDR4,DDR,1 TB HDD|256 GB SSD,Intel Core i5  (10th Gen),64 bit Windows 10,81990,4,4.5
HP,HP Pavilion x360 Core i3 8th Gen - (4 GB/1 TB HDD/256 GB SSD/Windows 10 Home/2 GB Graphics) 14-dh0044T...,14,4 GB DDR4,DDR,1 TB HDD|256 GB SSD,Intel Core i3  (8th Gen),64 bit Windows 10,57450,85,4.3
HP,HP 14q APU Dual Core A6 - (4 GB/256 GB SSD/Windows 10 Home) 14q-cy0004AU Thin and Light Laptop,14,4 GB DDR4,DDR,256 GB SSD,AMD APU Dual Core A6,64 bit Windows 10,19990,212,4.6
LENOVO,Lenovo Ideapad 330 APU Dual Core A6 7th Gen - (4 GB/1 TB HDD/Windows 10 Home) 81D6002TIN Laptop,15.6,4 GB DDR4,DDR,1 TB HDD,Intel APU Dual Core A6  (7th Gen),64 bit Windows 10,21999,24,3.9
LENOVO,Lenovo Ideapad S340 Core i3 8th Gen - (4 GB/256 GB SSD/Windows 10 Home) S340-14IWL Laptop,14,4 GB DDR4,DDR,256 GB SSD,Intel Core i3  (8th Gen),64 bit Windows 10,38298,825,4.2
DELL,Dell Inspiron 15 5000 Core i5 8th Gen - (8 GB/1 TB HDD/Windows 10 Home) INSP 5570 Laptop,15.6,8 GB DDR4,DDR,1 TB HDD,Intel Core i5  (8th Gen),64 bit Windows 10,47900,246,4.4
LENOVO,Lenovo Core i5 7th Gen - (8 GB/2 TB HDD/Windows 10 Home/4 GB Graphics) IP 520 Laptop,15.6,8 GB DDR4,DDR,2 TB HDD,Intel Core i5  (7th Gen),64 bit Windows 10,54990,2632,4
ASUS,Asus APU Quad Core E2 - (4 GB/500 GB HDD/Windows 10 Home) X540YA-XO760T Laptop,15.6,4 GB DDR3,DDR,500 GB HDD,AMD APU Quad Core E2,64 bit Windows 10,18768,1932,3.8
ASUS,Asus APU Dual Core E1 - (4 GB/500 GB HDD/Windows 10 Home) X540YA-XO547T Laptop,15.6,4 GB DDR3,DDR,500 GB HDD,AMD APU Dual Core E1,64 bit Windows 10,17990,1933,4.1
DELL,Dell Vostro 14 3000 Core i5 8th Gen - (8 GB/1 TB HDD/Ubuntu) VOS3478 Laptop,14,8 GB DDR4,DDR,1 TB HDD,Intel Core i5  (8th Gen),Linux/Ubuntu,38990,145,4.2
ACER,Acer Aspire 3 Pentium Quad Core - (4 GB/1 TB HDD/Windows 10 Home) A315-32 Laptop,15.6,4 GB DDR4,DDR,1 TB HDD,Intel Pentium Quad Core,64 bit Windows 10,23990,4,4.3
HP,HP Pavilion Core i7 9th Gen - (8 GB/1 TB HDD/256 GB SSD/Windows 10 Home/4 GB Graphics) 15-dk0049TX Gam...,15.6,8 GB DDR4,DDR,1 TB HDD|256 GB SSD,Intel Core i7  (9th Gen),64 bit Windows 10,89990,102,4.4
HP,HP Pavilion 15 Core i5 8th Gen - (8 GB/1 TB HDD/Windows 10 Home/4 GB Graphics) 15-BC406TX Gaming Lapto...,15.6,8 GB DDR4,DDR,1 TB HDD,Intel Core i5  (8th Gen),64 bit Windows 10,53990,1695,4.1
DELL,Dell Inspiron 14 3000 Core i3 7th Gen - (4 GB/1 TB HDD/Linux) inspiron 3467 Laptop,14,4 GB DDR4,DDR,1 TB HDD,Intel Core i3  (7th Gen),Linux/Ubuntu,27990,1207,3.9
LENOVO,Lenovo Thinpad E480 Core i3 7th Gen - (4 GB/500 GB HDD/Windows 10 Pro/512 MB Graphics) ThinkPad E480 L...,14,4 GB DDR4,DDR,500 GB HDD,Intel Core i3  (7th Gen),64 bit Windows 10,49998,34,4.1
ASUS,Asus EeeBook Celeron Dual Core - (2 GB/32 GB EMMC Storage/Windows 10 Home) E203NA-FD026T Laptop,11.6,2 GB DDR3,DDR,,Intel Celeron Dual Core,64 bit Windows 10,15990,1314,4.1
HP,HP G6 APU Dual Core A9 - (4 GB/1 TB HDD/DOS) 245-G6 Laptop,14,4 GB DDR4,DDR,1 TB HDD,AMD APU Dual Core A9,DOS,20883,681,4.4
ASUS,Asus Core i5 8th Gen - (8 GB/1 TB HDD/Windows 10 Home/2 GB Graphics) R540UB-DM723T Laptop,15.6,8 GB DDR4,DDR,1 TB HDD,Intel Core i5  (8th Gen),64 bit Windows 10,41990,591,4.3
ASUS,Asus VivoBook 14 Core i3 7th Gen - (4 GB/256 GB SSD/Windows 10 Home) X412UA-EK343T Laptop,14,4 GB DDR4,DDR,256 GB SSD,Intel Core i3  (7th Gen),64 bit Windows 10,33990,605,4.3
HP,HP 15 Core i3 7th Gen - (4 GB/1 TB HDD/128 GB SSD/Windows 10 Home) 15Q-DS0027TU Laptop,15.6,4 GB DDR4,DDR,1 TB HDD|128 GB SSD,Intel Core i3  (7th Gen),64 bit Windows 10,34990,694,4
ASUS,Asus VivoBook 15 Ryzen 3 Dual Core - (4 GB/1 TB HDD/Windows 10 Home) X505ZA-EJ493TX505ZA Laptop,15.6,4 GB DDR4,DDR,1 TB HDD,AMD Ryzen 3 Dual Core,64 bit Windows 10,27990,306,4
LENOVO,Lenovo Ideapad 330 Core i5 8th Gen - (8 GB/1 TB HDD/DOS/2 GB Graphics) 330-15IKB Laptop,15.6,8 GB DDR4,DDR,1 TB HDD,Intel Core i5  (8th Gen),DOS,42990,16,3.9
HP,HP 14q APU Dual Core A6 - (4 GB/256 GB SSD/Windows 10 Home) 14q-cy0004AU Thin and Light Laptop,14,4 GB DDR4,DDR,256 GB SSD,AMD APU Dual Core A6,64 bit Windows 10,19990,390,3.9
ASUS,Asus X Series Core i3 7th Gen - (4 GB/1 TB HDD/Endless) X540UA-GQ703 Laptop,15.6,4 GB DDR4,DDR,1 TB HDD,Intel Core i3  (7th Gen),64 bit Endless,24990,2383,4.1
LENOVO,Lenovo Ideapad 330 Ryzen 3 Dual Core - (4 GB/1 TB HDD/Windows 10 Home) 330-15ARR U Laptop,15.6,4 GB DDR4,DDR,1 TB HDD,AMD Ryzen 3 Dual Core,64 bit Windows 10,26490,1057,4.1
ASUS,Asus APU Dual Core E1 - (4 GB/500 GB HDD/Windows 10 Home) X540YA-XO547T Laptop,15.6,4 GB DDR3,DDR,500 GB HDD,AMD APU Dual Core E1,64 bit Windows 10,17990,1932,3.8
ASUS,Asus Core i5 8th Gen - (8 GB/1 TB HDD/Windows 10 Home/2 GB Graphics) R542UQ-DM252T Laptop,15.6,8 GB DDR4,DDR,1 TB HDD,Intel Core i5  (8th Gen),64 bit Windows 10,43490,1496,4.1
MSI,MSI GV Series Core i7 7th Gen - (16 GB/1 TB HDD/128 GB SSD/Windows 10 Home/6 GB Graphics) GV62VR 7RF-1...,15.6,16 GB DDR4,DDR,1 TB HDD|128 GB SSD,Intel Core i7  (7th Gen),64 bit Windows 10,95990,524,4.5
ASUS,Asus VivoBook 15 Core i3 8th Gen - (4 GB/256 GB SSD/Windows 10 Home) X512FA-EJ550T Laptop,15.6,4 GB DDR4,DDR,256 GB SSD,Intel Core i3  (8th Gen),64 bit Windows 10,35970,11,4.5
HP,HP Pavilion 15 Core i5 8th Gen - (8 GB/1 TB HDD/Windows 10 Home/4 GB Graphics) 15-BC406TX Gaming Lapto...,15.6,8 GB DDR4,DDR,1 TB HDD,Intel Core i5  (8th Gen),64 bit Windows 10,53990,102,4.4
MSI,MSI Core i7 9th Gen - (16 GB/512 GB SSD/Windows 10 Home/6 GB Graphics) GS65 Stealth 9SE-636IN Gaming L...,15.6,16 GB DDR4,DDR,512 GB SSD,Intel Core i7  (9th Gen),64 bit Windows 10,184990,616,4.6
MSI,MSI GV Series Core i7 7th Gen - (8 GB/1 TB HDD/DOS/4 GB Graphics) GV62 7RD-2297XIN Gaming Laptop,15.6,8 GB DDR4,DDR,1 TB HDD,Intel Core i7  (7th Gen),DOS,67990,91,4.7
LENOVO,Lenovo Core i5 8th Gen - (8 GB/512 GB SSD/Windows 10 Home) C340-14IWL 2 in 1 Laptop,14,8 GB DDR4,DDR,512 GB SSD,Intel Core i5  (8th Gen),64 bit Windows 10,85500,15,4.4
APPLE,Apple MacBook Pro Core i5 7th Gen - (8 GB/128 GB SSD/Mac OS Sierra) MPXQ2HN/A,13.3,8 GB DDR3,DDR,128 GB SSD,Intel Core i5  (7th Gen),64 bit Mac OS,109900,681,4.4
LENOVO,Lenovo Ideapad S340 Core i5 8th Gen - (8 GB/1 TB HDD/Windows 10 Home) S340-14IWL U Laptop,14,8 GB DDR4,DDR,1 TB HDD,Intel Core i5  (8th Gen),64 bit Windows 10,50990,6,3.8
ASUS,Asus VivoBook 14 Core i3 7th Gen - (4 GB/256 GB SSD/Windows 10 Home) X412UA-EK343T Laptop,14,4 GB DDR4,DDR,256 GB SSD,Intel Core i3  (7th Gen),64 bit Windows 10,33990,32,4.3
ASUS,Asus Vivobook 15 Ryzen 5 Quad Core - (8 GB/512 GB SSD/Windows 10 Home) X512DA-EJ502T Thin and Light La...,15.6,8 GB DDR4,DDR,512 GB SSD,AMD Ryzen 5 Quad Core,64 bit Windows 10,42500,694,4
LENOVO,Lenovo IdeaPad 330 Core i5 8th Gen - (8 GB/1 TB HDD/Windows 10) 81DE008PIN Laptop,15.6,8 GB DDR4,DDR,1 TB HDD,Intel Core i5  (8th Gen),64 bit Windows 10,43298,1058,4
DELL,Dell Vostro 3000 Core i3 7th Gen - (4 GB/1 TB HDD/Windows 10 Home) 3581 Laptop,15.6,4 GB DDR4,DDR,1 TB HDD,Intel Core i3  (7th Gen),64 bit Windows 10,31500,138,4.7
HP,HP 14q APU Dual Core A6 - (4 GB/256 GB SSD/Windows 10 Home) 14q-cy0004AU Thin and Light Laptop,14,4 GB DDR4,DDR,256 GB SSD,AMD APU Dual Core A6,64 bit Windows 10,19990,83,4.4
LENOVO,Lenovo Ideapad 330 Core i3 7th Gen - (4 GB/1 TB HDD/Windows 10 Home) 330-14IKB Laptop,14,4 GB DDR4,DDR,1 TB HDD,Intel Core i3  (7th Gen),64 bit Windows 10,28991,192,4.2
ASUS,Asus VivoBook Core i7 8th Gen - (8 GB/1 TB HDD/256 GB SSD/Windows 10 Home/2 GB Graphics) S430UN-EB020T...,14,8 GB DDR4,DDR,1 TB HDD|256 GB SSD,Intel Core i7  (8th Gen),64 bit Windows 10,81990,890,4.4
DELL,Dell G3 Series Core i7 8th Gen - (8 GB/1 TB HDD/128 GB SSD/Windows 10 Home/4 GB Graphics) 3579 Gaming ...,15.6,8 GB DDR4,DDR,1 TB HDD|128 GB SSD,Intel Core i7  (8th Gen),64 bit Windows 10,82499,2397,4.1
LENOVO,Lenovo Ideapad 330s Core i3 8th Gen - (4 GB/1 TB HDD/Windows 10 Home) 330S-14IKB Thin and Light Laptop,14,4 GB DDR4,DDR,1 TB HDD,Intel Core i3  (8th Gen),64 bit Windows 10,34900,114,4.2
ACER,Acer Nitro 5 Core i5 8th Gen - (8 GB + 16 GB Optane/1 TB HDD/Windows 10 Home/4 GB Graphics) AN515-52-5...,15.6,8 GB DDR4,DDR,1 TB HDD,Intel Core i5  (8th Gen),64 bit Windows 10,60990,556,4.4
ASUS,Asus APU Dual Core E1 - (4 GB/500 GB HDD/Windows 10 Home) X540YA-XO547T Laptop,15.6,4 GB DDR3,DDR,500 GB HDD,AMD APU Dual Core E1,64 bit Windows 10,17990,1932,3.8
HP,HP 15 Core i3 7th Gen - (4 GB/1 TB HDD/DOS/2 GB Graphics) 15-DA0073TX Laptop,15.6,4 GB DDR4,DDR,1 TB HDD,Intel Core i3  (7th Gen),DOS,35990,60,4
MSI,MSI GV Series Core i7 7th Gen - (8 GB/1 TB HDD/128 GB SSD/Windows 10 Home/4 GB Graphics) GV62 7RE-2401...,15.6,8 GB DDR4,DDR,1 TB HDD|128 GB SSD,Intel Core i7  (7th Gen),64 bit Windows 10,79990,293,4.6
ACER,Acer Aspire E15 APU Quad Core A10 - (4 GB/1 TB HDD/Windows 10 Home) E5-553 / E5-553G Laptop,15.6,4 GB DDR4,DDR,1 TB HDD,AMD APU Quad Core A10,64 bit Windows 10,27990,17,3.9
ACER,Acer Swift 3 Core i5 8th Gen - (8 GB/1 TB HDD/128 GB SSD/Windows 10 Home/2 GB Graphics) SF315-51G Lapt...,15.6,8 GB DDR4,DDR,1 TB HDD|128 GB SSD,Intel Core i5  (8th Gen),64 bit Windows 10,59990,477,4.7
LENOVO,Lenovo Ideapad 330 Core i5 8th Gen - (8 GB/1 TB HDD/Windows 10 Home/2 GB Graphics) 330-15IKB Laptop,15.6,8 GB DDR4,DDR,1 TB HDD,Intel Core i5  (8th Gen),64 bit Windows 10,47489,102,4.4
HP,HP Pavilion 15 Core i5 8th Gen - (8 GB/1 TB HDD/Windows 10 Home/4 GB Graphics) 15-BC406TX Gaming Lapto...,15.6,8 GB DDR4,DDR,1 TB HDD,Intel Core i5  (8th Gen),64 bit Windows 10,53990,2500,4.4
ACER,Acer Nitro 5 Ryzen 5 Quad Core - (8 GB/1 TB HDD/Windows 10 Home/4 GB Graphics) AN515-42-R6GV Gaming La...,15.6,8 GB DDR4,DDR,1 TB HDD,AMD Ryzen 5 Quad Core,64 bit Windows 10,51990,88,4.6
ACER,Acer Swift 3 Core i5 8th Gen - (8 GB/256 GB SSD/Linux) SF314-52 Laptop,14,8 GB DDR4,DDR,256 GB SSD,Intel Core i5  (8th Gen),Linux/Ubuntu,48990,112,4.1
DELL,Dell Inspiron 15 3000 Series Core i5 8th Gen - (8 GB/1 TB HDD/Windows 10 Home) 3576 Laptop,15.6,8 GB DDR4,DDR,1 TB HDD,Intel Core i5  (8th Gen),64 bit Windows 10,47900,681,4.4
ASUS,Asus VivoBook 14 Core i3 7th Gen - (4 GB/256 GB SSD/Windows 10 Home) X412UA-EK343T Laptop,14,4 GB DDR4,DDR,256 GB SSD,Intel Core i3  (7th Gen),64 bit Windows 10,33990,30,4.2
LENOVO,Lenovo Ideapad 330S Core i7 8th Gen - (8 GB/1 TB HDD/Windows 10 Home/4 GB Graphics) 330S-15IKB Laptop,15.6,8 GB DDR4,DDR,1 TB HDD,Intel Core i7  (8th Gen),64 bit Windows 10,71990,140,4.2
DELL,Dell Inspiron 5000 Core i5 7th Gen - (8 GB/2 TB HDD/Windows 10 Home/2 GB Graphics) 5567 Laptop,15.6,8 GB DDR4,DDR,2 TB HDD,Intel Core i5  (7th Gen),64 bit Windows 10,67990,10,4.3
HP,HP Pavilion Core i5 8th Gen - (8 GB/2 TB HDD/Windows 10 Home/2 GB Graphics) 15-ck069TX Laptop,15.6,8 GB DDR4,DDR,2 TB HDD,Intel Core i5  (8th Gen),64 bit Windows 10,65990,351,4.4
ASUS,Asus FX553 Core i7 7th Gen - (8 GB/1 TB HDD/Windows 10/4 GB Graphics) FX553VE-DM318T Gaming Laptop,15.6,8 GB DDR4,DDR,1 TB HDD,Intel Core i7  (7th Gen),64 bit Windows 10,79990,54,3.9
DELL,Dell Inspiron 15 3000 Core i3 7th Gen - (4 GB/1 TB HDD/Windows 10/2 GB Graphics) 15 3576 Laptop,15.6,4 GB DDR4,DDR,1 TB HDD,Intel Core i3  (7th Gen),64 bit Windows 10,36499,694,4
HP,HP 14q APU Dual Core A6 - (4 GB/256 GB SSD/Windows 10 Home) 14q-cy0004AU Thin and Light Laptop,14,4 GB DDR4,DDR,256 GB SSD,AMD APU Dual Core A6,64 bit Windows 10,19990,497,4.1
DELL,Dell Inspiron 15 5000 Ryzen 5 Quad Core - (8 GB/1 TB HDD/Windows 10 Home) 5575 Laptop,15.6,8 GB DDR4,DDR,1 TB HDD,AMD Ryzen 5 Quad Core,64 bit Windows 10,44990,3,2
LENOVO,Lenovo Core i7 7th Gen - (8 GB/256 GB SSD/Windows 10 Home) IP 720S Thin and Light Laptop,13.3,8 GB DDR4,DDR,256 GB SSD,Intel Core i7  (7th Gen),64 bit Windows 10,72990,6,4.8
MICROSOFT,Microsoft Surface Pro 6 Core i5 8th Gen - (8 GB/128 GB SSD/Windows 10 Home) 1796 2 in 1 Laptop,12.3,8 GB DDR3,DDR,128 GB SSD,Intel Core i5  (8th Gen),64 bit Windows 10,79000,2397,4.1
ACER,Acer Aspire 3 Pentium Gold - (4 GB/500 GB HDD/Windows 10 Home) A315-53-P4MY Laptop,15.6,4 GB DDR4,DDR,500 GB HDD,Intel Pentium Gold,64 bit Windows 10,19490,3,4.3
HP,HP G6 Core i3 7th Gen - (4 GB/1 TB HDD/DOS) 240 G6 Laptop,14,4 GB DDR4,DDR,1 TB HDD,Intel Core i3  (7th Gen),64 bit DOS,27990,16,4.2
DELL,Dell 5000 Core i5 7th Gen - (8 GB/1 TB HDD/Windows 10 Home/4 GB Graphics) 5577 Gaming Laptop,15.6,8 GB DDR4,DDR,1 TB HDD,Intel Core i5  (7th Gen),64 bit Windows 10,64990,288,4.4
ASUS,Asus VivoBook Core i5 8th Gen - (8 GB/1 TB HDD/256 GB SSD/Windows 10 Home) S430UA-EB155T Thin and Ligh...,14,8 GB DDR4,DDR,1 TB HDD|256 GB SSD,Intel Core i5  (8th Gen),64 bit Windows 10,57990,211,4.7
ASUS,Asus APU Dual Core E1 - (4 GB/500 GB HDD/Windows 10 Home) X540YA-XO547T Laptop,15.6,4 GB DDR3,DDR,500 GB HDD,AMD APU Dual Core E1,64 bit Windows 10,17990,1932,3.8
DELL,Dell Inspiron 15 5000 Core i5 8th Gen - (8 GB/2 TB HDD/Windows 10 Home/2 GB Graphics) 5570 Laptop,15.6,8 GB DDR4,DDR,2 TB HDD,Intel Core i5  (8th Gen),64 bit Windows 10,58499,72,4.3
ASUS,Asus TUF Core i5 8th Gen - (8 GB/1 TB HDD/128 GB SSD/Windows 10 Home/6 GB Graphics) FX504GM-E4112T Gam...,15.6,8 GB DDR4,DDR,1 TB HDD|128 GB SSD,Intel Core i5  (8th Gen),64 bit Windows 10,80990,53,4.2
ACER,Acer Spin 3 Core i3 6th Gen - (4 GB/1 TB HDD/Windows 10 Home) SP315-51 2 in 1 Laptop,15.6,4 GB DDR4,DDR,1 TB HDD,Intel Core i3  (6th Gen),64 bit Windows 10,36990,12,4.3
HP,HP Pavilion 15 Core i5 8th Gen - (8 GB/1 TB HDD/Windows 10 Home/4 GB Graphics) 15-BC406TX Gaming Lapto...,15.6,8 GB DDR4,DDR,1 TB HDD,Intel Core i5  (8th Gen),64 bit Windows 10,53990,102,4.4
ASUS,Asus Core i7 8th Gen - (8 GB/1 TB HDD/256 GB SSD/Windows 10 Home/2 GB Graphics) S510UN-BQ069T Laptop,15.6,8 GB DDR4,DDR,1 TB HDD|256 GB SSD,Intel Core i7  (8th Gen),64 bit Windows 10,70970,3,5
LENOVO,Lenovo 330 Core i3 7th Gen - (4 GB/1 TB HDD/Windows 10) Ideapad Laptop,15.6,4 GB DDR4,DDR,1 TB HDD,Intel Core i3  (7th Gen),64 bit Windows 10,35990,17,4
ASUS,Asus TUF Core i5 8th Gen - (8 GB/1 TB HDD/Windows 10 Home/4 GB Graphics) FX504GD-E4021T Gaming Laptop,15.6,8 GB DDR4,DDR,1 TB HDD,Intel Core i5  (8th Gen),64 bit Windows 10,62990,103,4.4
ACER,Acer Swift 3 Core i5 8th Gen - (8 GB/1 TB HDD/128 GB SSD/Windows 10 Home/2 GB Graphics) SF315-52G Lapt...,15.6,8 GB DDR4,DDR,1 TB HDD|128 GB SSD,Intel Core i5  (8th Gen),64 bit Windows 10,56990,477,4.7
ASUS,Asus Vivobook S14 Core i3 7th Gen - (8 GB/1 TB HDD/128 GB SSD/Windows 10 Home) S410UA-EB266T Laptop,14,8 GB DDR4,DDR,1 TB HDD|128 GB SSD,Intel Core i3  (7th Gen),64 bit Windows 10,44990,276,4.5
ASUS,Asus VivoBook 14 Core i3 7th Gen - (4 GB/256 GB SSD/Windows 10 Home) X412UA-EK343T Laptop,14,4 GB DDR4,DDR,256 GB SSD,Intel Core i3  (7th Gen),64 bit Windows 10,33990,681,4.4
ASUS,Asus Core i7 8th Gen - (8 GB/512 GB SSD/Windows 10 Home/2 GB Graphics) X509FJ-EJ702T Laptop,15.6,8 GB DDR4,DDR,512 GB SSD,Intel Core i7  (8th Gen),64 bit Windows 10,62399,288,4.4
DELL,Dell 5000 Core i7 7th Gen - (8 GB/1 TB HDD/128 GB SSD/Windows 10 Home/4 GB Graphics) 5577 Gaming Lapto...,15.6,8 GB DDR4,DDR,1 TB HDD|128 GB SSD,Intel Core i7  (7th Gen),64 bit Windows 10,76990,495,4
LENOVO,Lenovo Ideapad 320 Core i3 6th Gen - (4 GB/1 TB HDD/Windows 10 Home) IP 320-14ISK Laptop,14,4 GB DDR4,DDR,1 TB HDD,Intel Core i3  (6th Gen),64 bit Windows 10,28990,694,4
HP,HP 14q APU Dual Core A6 - (4 GB/256 GB SSD/Windows 10 Home) 14q-cy0004AU Thin and Light Laptop,14,4 GB DDR4,DDR,256 GB SSD,AMD APU Dual Core A6,64 bit Windows 10,19990,237,4.3
ACER,Acer Swift 3 Core i5 8th Gen - (8 GB/1 TB HDD/128 GB SSD/Windows 10 Home/2 GB Graphics) SF315-52G Lapt...,15.6,8 GB DDR4,DDR,1 TB HDD|128 GB SSD,Intel Core i5  (8th Gen),64 bit Windows 10,56990,170,3.9
LENOVO,Lenovo Ideapad Core i5 7th Gen - (4 GB/1 TB HDD/Windows 10 Home) IP 320E-15IKB Laptop,15.6,4 GB DDR4,DDR,1 TB HDD,Intel Core i5  (7th Gen),64 bit Windows 10,43490,105,4.4
HP,HP Pavilion x360 Core i5 8th Gen - (8 GB/1 TB HDD/8 GB SSD/Windows 10 Home) 14-cd0080TU 2 in 1 Laptop,14,8 GB DDR4,DDR,1 TB HDD|8 GB SSD,Intel Core i5  (8th Gen),64 bit Windows 10,65875,4,5
ACER,Acer Swift 3 Core i7 7th Gen - (8 GB/256 GB SSD/Windows 10 Home) SF314-51 Thin and Light Laptop,14,8 GB DDR4,DDR,256 GB SSD,Intel Core i7  (7th Gen),64 bit Windows 10,60990,6,3.7
MSI,MSI GL Core i7 7th Gen - (8 GB/1 TB HDD/DOS/2 GB Graphics) GL62M 7RDX-1878XIN Gaming Laptop,15.6,8 GB DDR4,DDR,1 TB HDD,Intel Core i7  (7th Gen),DOS,66990,2397,4.1
ASUS,Asus VivoBook S15 Core i5 8th Gen - (8 GB/1 TB HDD/Windows 10 Home/2 GB Graphics) S510UN-BQ217T Laptop,15.6,8 GB DDR4,DDR,1 TB HDD,Intel Core i5  (8th Gen),64 bit Windows 10,54900,113,4.2
ACER,Acer Nitro 5 Core i7 7th Gen - (8 GB/1 TB HDD/Windows 10 Home/2 GB Graphics) AN515-51 Gaming Laptop,15.6,8 GB DDR4,DDR,1 TB HDD,Intel Core i7  (7th Gen),64 bit Windows 10,60990,63,4.3
AGB,AGB Orion Core i7 7th Gen - (8 GB/1 TB HDD/512 GB SSD/Windows 10/2 GB Graphics) ZQ-2501 Gaming Laptop,14,8 GB DDR4,DDR,1 TB HDD|512 GB SSD,Intel Core i7  (7th Gen),64 bit Windows 10,65499,1932,3.8
ASUS,Asus APU Dual Core E1 - (4 GB/500 GB HDD/Windows 10 Home) X540YA-XO547T Laptop,15.6,4 GB DDR3,DDR,500 GB HDD,AMD APU Dual Core E1,64 bit Windows 10,17990,107,4.7
DELL,Dell Inspiron 15 5000 Core i5 7th Gen - (8 GB/1 TB HDD/128 GB SSD/Windows 10 Home/4 GB Graphics) 5577 ...,15.6,8 GB DDR4,DDR,1 TB HDD|128 GB SSD,Intel Core i5  (7th Gen),64 bit Windows 10,66990,181,4.5
DELL,Dell XPS 13 Core i5 7th Gen - (8 GB/256 GB SSD/Windows 10 Home) 9360 Thin and Light Laptop,13.3,8 GB DDR3,DDR,256 GB SSD,Intel Core i5  (7th Gen),64 bit Windows 10,93990,431,3.9
ACER,Acer Aspire VX Core i7 7th Gen - (8 GB/1 TB HDD/128 GB SSD/Windows 10 Home/4 GB Graphics) VX 15 Gaming...,15.6,8 GB DDR4,DDR,1 TB HDD|128 GB SSD,Intel Core i7  (7th Gen),64 bit Windows 10,73990,102,4.4
DELL,Dell Inspiron 15 3000 Series Core i3 6th Gen - (4 GB/1 TB HDD/Windows 10 Home) 3567 Laptop,15.6,4 GB DDR4,DDR,1 TB HDD,Intel Core i3  (6th Gen),64 bit Windows 10,30989,113,4.2
HP,HP 15 Core i7 8th Gen - (8 GB/1 TB HDD/128 GB SSD/Windows 10 Home/4 GB Graphics) 15-dc0082TX Laptop,15.6,8 GB DDR4,DDR,1 TB HDD|128 GB SSD,Intel Core i7  (8th Gen),64 bit Windows 10,89990,197,4.5
HP,HP Pavilion 15 Core i5 8th Gen - (8 GB/1 TB HDD/Windows 10 Home/4 GB Graphics) 15-BC406TX Gaming Lapto...,15.6,8 GB DDR4,DDR,1 TB HDD,Intel Core i5  (8th Gen),64 bit Windows 10,53990,681,4.4
AGB,AGB Octev Core i7 7th Gen - (8 GB/1 TB HDD/256 GB SSD/Windows 10/2 GB Graphics) AB-1210 Laptop,15.6,8 GB DDR4,DDR,1 TB HDD|256 GB SSD,Intel Core i7  (7th Gen),64 bit Windows 10,69499,39,4.4
ASUS,Asus VivoBook S15 Core i7 8th Gen - (8 GB/1 TB HDD/Windows 10 Home/2 GB Graphics) S510UN-BQ052T Laptop,15.6,8 GB DDR4,DDR,1 TB HDD,Intel Core i7  (8th Gen),64 bit Windows 10,67990,13,3.9
ASUS,Asus ZenBook 13 Core i5 8th Gen - (8 GB/512 GB SSD/Windows 10 Home) UX331UAL-EG011T Thin and Light Lap...,13.3,8 GB DDR3,DDR,512 GB SSD,Intel Core i5  (8th Gen),64 bit Windows 10,63990,71,4.4
ASUS,Asus VivoBook 14 Core i3 7th Gen - (4 GB/256 GB SSD/Windows 10 Home) X412UA-EK343T Laptop,14,4 GB DDR4,DDR,256 GB SSD,Intel Core i3  (7th Gen),64 bit Windows 10,33990,322,4.4
DELL,Dell Inspiron 15 5000 Series Core i3 8th Gen - (4 GB + 16 GB Optane/1 TB HDD/Windows 10 Home) 5570 Lap...,15.6,4 GB DDR4,DDR,1 TB HDD,Intel Core i3  (8th Gen),64 bit Windows 10,42190,703,4.5
LENOVO,Lenovo Ideapad 330S Core i5 8th Gen - (8 GB/1 TB HDD/Windows 10 Home/4 GB Graphics) 330S-15IKB Laptop,15.6,8 GB DDR4,DDR,1 TB HDD,Intel Core i5  (8th Gen),64 bit Windows 10,60990,694,4
DELL,Dell 3000 Core i3 6th Gen - (4 GB/1 TB HDD/Ubuntu) 3568 Laptop,15.6,4 GB DDR4,DDR,1 TB HDD,Intel Core i3  (6th Gen),64 bit Linux/Ubuntu,29550,31,3.6
DELL,Dell G3 15 3000 Series Core i5 8th Gen - (8 GB + 16 GB Optane/1 TB HDD/Windows 10 Home/4 GB Graphics) ...,15.6,8 GB DDR4,DDR,1 TB HDD,Intel Core i5  (8th Gen),64 bit Windows 10,66990,4,4.3
ASUS,Asus VivoBook S Series Core i5 8th Gen - (8 GB/1 TB HDD/256 GB SSD/Windows 10 Home) S430FA-EB156T Lapt...,14,8 GB DDR4,DDR,1 TB HDD|256 GB SSD,Intel Core i5  (8th Gen),64 bit Windows 10,58990,835,4.4
HP,HP 14q APU Dual Core A6 - (4 GB/256 GB SSD/Windows 10 Home) 14q-cy0004AU Thin and Light Laptop,14,4 GB DDR4,DDR,256 GB SSD,AMD APU Dual Core A6,64 bit Windows 10,19990,2397,4.1
HP,HP Core i7 6th Gen - (8 GB/1 TB HDD/Windows 10 Home/4 GB Graphics) 15-ab549TX Laptop,15.6,8 GB DDR3,DDR,1 TB HDD,Intel Core i7  (6th Gen),64 bit Windows 10,64990,200,4
HP,HP Pavilion Core i5 7th Gen - (4 GB/1 TB HDD/Windows 10 Home/4 GB Graphics) 15-AU624TX Laptop,15.6,4 GB DDR4,DDR,1 TB HDD,Intel Core i5  (7th Gen),64 bit Windows 10,56990,24,4.3
HP,HP Pavilion x360 Core i7 7th Gen - (8 GB/1 TB HDD/8 GB SSD/Windows 10 Home/4 GB Graphics) 14-ba078tx 2...,14,8 GB DDR4,DDR,1 TB HDD|8 GB SSD,Intel Core i7  (7th Gen),64 bit Windows 10,79990,62,4.2
LENOVO,Lenovo Ideapad 330 Core i3 7th Gen - (4 GB/1 TB HDD/Windows 10 Home/512 MB Graphics) 81DC00HEIN Laptop,15.6,4 GB DDR4,DDR,1 TB HDD,Intel Core i3  (7th Gen),64 bit Windows 10,30395,436,4.5
ASUS,Asus ZenBook 13 Core i5 8th Gen - (8 GB/256 GB SSD/Windows 10 Home) UX331UAL-EG002T Thin and Light Lap...,13.3,8 GB DDR3,DDR,256 GB SSD,Intel Core i5  (8th Gen),64 bit Windows 10,55990,1932,3.8
ASUS,Asus APU Dual Core E1 - (4 GB/500 GB HDD/Windows 10 Home) X540YA-XO547T Laptop,15.6,4 GB DDR3,DDR,500 GB HDD,AMD APU Dual Core E1,64 bit Windows 10,17990,303,4.6
ASUS,Asus ROG Strix Core i7 8th Gen - (8 GB/1 TB HDD/128 GB SSD/Windows 10 Home/4 GB Graphics) GL503GE-EN04...,15.6,8 GB DDR4,DDR,1 TB HDD|128 GB SSD,Intel Core i7  (8th Gen),64 bit Windows 10,79990,12,4.2
MICROSOFT,Microsoft Surface Laptop 2 Core i5 8th Gen - (8 GB/128 GB SSD/Windows 10 Home) 1769 2 in 1 Laptop,13.5,8 GB DDR3,DDR,128 GB SSD,Intel Core i5  (8th Gen),64 bit Windows 10,80500,102,4.4
ASUS,Asus Vivobook Flip 14 Core i3 8th Gen - (8 GB/512 GB SSD/Windows 10 Home) TP412UA-EC305T 2 in 1 Laptop,14,8 GB DDR4,DDR,512 GB SSD,Intel Core i3  (8th Gen),64 bit Windows 10,53990,1,4
HP,HP Pavilion 15 Core i5 8th Gen - (8 GB/1 TB HDD/Windows 10 Home/4 GB Graphics) 15-BC406TX Gaming Lapto...,15.6,8 GB DDR4,DDR,1 TB HDD,Intel Core i5  (8th Gen),64 bit Windows 10,53990,47,4.4
LENOVO,Lenovo Yoga Pentium Quad Core 8th Gen - (4 GB/500 GB HDD/8 GB SSD/Windows 10 Pro) Yoga 730 Notebook,15.6,4 GB DDR3L,DDR,500 GB HDD|8 GB SSD,Intel Pentium Quad Core  (8th Gen),64 bit Windows 10,92200,694,4
LENOVO,Lenovo Yoga 520 Core i3 7th Gen - (4 GB/1 TB HDD/Windows 10 Home) 520-14IKB 2 in 1 Laptop,14,4 GB DDR4,DDR,1 TB HDD,Intel Core i3  (7th Gen),64 bit Windows 10,51500,73,4.5
DELL,Dell Inspiron 15 7000 Core i5 8th Gen - (8 GB/1 TB HDD/128 GB SSD/Windows 10 Home/4 GB Graphics) 7570 ...,15.6,8 GB DDR4,DDR,1 TB HDD|128 GB SSD,Intel Core i5  (8th Gen),64 bit Windows 10,83990,148,4
AGB,AGB Orion Core i7 7th Gen - (8 GB/1 TB HDD/128 GB SSD/Windows 10/2 GB Graphics) RA-0324 Gaming Laptop,14,8 GB DDR4,DDR,1 TB HDD|128 GB SSD,Intel Core i7  (7th Gen),64 bit Windows 10,62999,15,4.7
LENOVO,Lenovo Yoga C930 Core i7 8th Gen - (16 GB/512 GB SSD/Windows 10 Home) 81C4000EUS 2 in 1 Laptop,13.9,16 GB DDR4,DDR,512 GB SSD,Intel Core i7  (8th Gen),64 bit Windows 10,144990,681,4.4
HP,HP 14q APU Dual Core A6 - (4 GB/256 GB SSD/Windows 10 Home) 14q-cy0004AU Thin and Light Laptop,14,4 GB DDR4,DDR,256 GB SSD,AMD APU Dual Core A6,64 bit Windows 10,19990,27,3.7
HP,HP Pavilion x360 Core i5 8th Gen - (8 GB/1 TB HDD/128 GB SSD/Windows 10 Home) 14-cd0087TU 2 in 1 Lapto...,14,8 GB DDR4,DDR,1 TB HDD|128 GB SSD,Intel Core i5  (8th Gen),64 bit Windows 10,77990,13,4
DELL,Dell Inspiron 5000 Core i5 7th Gen - (8 GB/1 TB HDD/Windows 10 Home/4 GB Graphics) 5567 Laptop,15.6,8 GB DDR4,DDR,1 TB HDD,Intel Core i5  (7th Gen),64 bit Windows 10,64990,12,3.2
LENOVO,Lenovo Ideapad 530s Core i5 8th Gen - (8 GB/512 GB SSD/Windows 10 Home/2 GB Graphics) 530S-15IKB Lapto...,15.6,8 GB DDR4,DDR,512 GB SSD,Intel Core i5  (8th Gen),64 bit Windows 10,77990,19,4.1
DELL,Dell Inspiron 15 5000 Core i7 8th Gen - (8 GB/2 TB HDD/128 GB SSD/Windows 10 Home/4 GB Graphics) 5570 ...,15.6,8 GB DDR4,DDR,2 TB HDD|128 GB SSD,Intel Core i7  (8th Gen),64 bit Windows 10,80990,53,4.3
ASUS,Asus APU Dual Core E1 - (4 GB/500 GB HDD/Windows 10 Home) X540YA-XO547T Laptop,15.6,4 GB DDR3,DDR,500 GB HDD,AMD APU Dual Core E1,64 bit Windows 10,17990,1932,3.8
ASUS,Asus E203NAH-FD049T Celeron Dual Core 7th Gen - (2 GB/500 GB HDD/Windows 10 Home) E203NAH-FD049T Lapto...,11.6,2 GB DDR3,DDR,500 GB HDD,Intel Celeron Dual Core  (7th Gen),64 bit Windows 10,18990,46,3.4
DELL,Dell Inspiron 15 5000 Core i5 8th Gen - (8 GB/2 TB HDD/Windows 10 Home/4 GB Graphics) 5570 Laptop,15.6,8 GB DDR4,DDR,2 TB HDD,Intel Core i5  (8th Gen),64 bit Windows 10,71200,684,4.2
AGB,AGB Tiara Core i7 7th Gen - (8 GB/500 GB HDD/512 GB SSD/Windows 10/2 GB Graphics) 1709A Laptop,15.6,8 GB DDR4,DDR,500 GB HDD|512 GB SSD,Intel Core i7  (7th Gen),64 bit Windows 10,69999,102,4.4
HP,HP Pavilion 15 Core i5 8th Gen - (8 GB/1 TB HDD/Windows 10 Home/4 GB Graphics) 15-BC406TX Gaming Lapto...,15.6,8 GB DDR4,DDR,1 TB HDD,Intel Core i5  (8th Gen),64 bit Windows 10,53990,13,4.4
DELL,Dell Inspiron 15 5000 Core i5 8th Gen - (8 GB/2 TB HDD/Windows 10 Home/4 GB Graphics) 5570 Laptop,15.6,8 GB DDR4,DDR,2 TB HDD,Intel Core i5  (8th Gen),64 bit Windows 10,72490,23,1.6
LENOVO,Lenovo Core i7-8550U Core i7 7th Gen - (16 GB/500 GB HDD/500 GB SSD/Windows 10/16 GB Graphics) ThinkPa...,14,16 GB SDR,SDR,500 GB HDD|500 GB SSD,Intel Core i7  (7th Gen),Windows 10,185000,681,4.4
LENOVO,Lenovo YogaBook Core i7 8th Gen - (16 GB/512 GB SSD/Windows 10 Pro) C930-13IKB 2 in 1 Laptop,13.9,16 GB DDR4,DDR,512 GB SSD,Intel Core i7  (8th Gen),64 bit Windows 10,154799,4,3.5
MSI,MSI Core i7 8th Gen - (16 GB/1 TB HDD/256 GB SSD/Windows 10 Home/6 GB Graphics) GL73 Gaming Laptop,17.3,16 GB DDR4,DDR,1 TB HDD|256 GB SSD,Intel Core i7  (8th Gen),64 bit Windows 10,134990,58,4.3
DELL,Dell Core i5 5th Gen - (8 GB/1 TB HDD/Windows 10 Home/4 GB Graphics) 7548 Laptop,15.6,8 GB DDR3,DDR,1 TB HDD,Intel Core i5  (5th Gen),64 bit Windows 10,65000,61,3.9
ASUS,Asus VivoBook 14 Core i3 7th Gen - (4 GB/256 GB SSD/Windows 10 Home) X412UA-EK343T Laptop,14,4 GB DDR4,DDR,256 GB SSD,Intel Core i3  (7th Gen),64 bit Windows 10,33990,694,4
LENOVO,Lenovo Ideapad 320 APU Quad Core A6 - (4 GB/1 TB HDD/Windows 10 Home) 80XV00T8IH Laptop,15.6,4 GB DDR3,DDR,1 TB HDD,AMD APU Quad Core A6,64 bit Windows 10,29000,55,4.1
LENOVO,Lenovo Core i3 4th Gen - (4 GB/1 TB HDD/Windows 10 Home) G50-80 Laptop,15.6,4 GB DDR3,DDR,1 TB HDD,Intel Core i3  (4th Gen),64 bit Windows 10,36000,12,4.3
ACER,Acer Aspire Core i3 6th Gen - (4 GB/1 TB HDD/Windows 10 Home/2 GB Graphics) E5-575G Laptop,15.6,4 GB DDR4,DDR,1 TB HDD,Intel Core i3  (6th Gen),64 bit Windows 10,43490,555,4.2
HP,HP 14q APU Dual Core A6 - (4 GB/256 GB SSD/Windows 10 Home) 14q-cy0004AU Thin and Light Laptop,14,4 GB DDR4,DDR,256 GB SSD,AMD APU Dual Core A6,64 bit Windows 10,19990,5,5
HP,HP Pavilion x360 Core i3 8th Gen - (4 GB/1 TB HDD/Windows 10 Home) 11-ad106tu 2 in 1 Laptop,11.6,4 GB DDR4,DDR,1 TB HDD,Intel Core i3  (8th Gen),64 bit Windows 10,44990,75,4.1
LENOVO,Lenovo Ideapad 330s Core i5 8th Gen - (4 GB/1 TB HDD/Windows 10 Home/4 GB Graphics) 330S-15IKB Thin an...,15.6,4 GB DDR4,DDR,1 TB HDD,Intel Core i5  (8th Gen),64 bit Windows 10,50202,212,4.6
IBALL,iBall CompBook Pentium Quad Core - (4 GB/32 GB EMMC Storage/Windows 10 Home) Premio v3.0 Laptop,14,4 GB DDR3,DDR,,Intel Pentium Quad Core,64 bit Windows 10,13990,347,3.9
ASUS,Asus APU Dual Core E1 - (4 GB/500 GB HDD/Windows 10 Home) X540YA-XO547T Laptop,15.6,4 GB DDR3,DDR,500 GB HDD,AMD APU Dual Core E1,64 bit Windows 10,17990,1932,3.8
DELL,Dell Inspiron 15 3000 Core i3 6th Gen - (4 GB/1 TB HDD/Windows 10 Home) 3567 Laptop,15.6,4 GB DDR4,DDR,1 TB HDD,Intel Core i3  (6th Gen),64 bit Windows 10,30989,51,4
LIFEDIGITAL,LifeDigital ZED Series Atom Quad Core - (2 GB/32 GB EMMC Storage/Windows 10 Home) ZED Air Pro Silin / ...,12.5 Inch),2 GB DDR3,DDR,,Intel Atom Quad Core,64 bit Windows 10,9977,365,3.7
ASUS,Asus X507UF Core i5 8th Gen - (8 GB/1 TB HDD/Windows 10/2 GB Graphics) EJ092T Laptop,15.6,8 GB DDR4,DDR,1 TB HDD,Intel Core i5  (8th Gen),64 bit Windows 10,49490,192,4.4
LENOVO,Lenovo Ideapad 130 APU Dual Core E2 - (4 GB/1 TB HDD/Windows 10 Home) 130-15AST Laptop,15.6,4 GB DDR4,DDR,1 TB HDD,AMD APU Dual Core E2,64 bit Windows 10,20390,10,4.2
LIFEDIGITAL,LifeDigital ZED Series Atom Quad Core - (2 GB/32 GB EMMC Storage/Windows 10 Home) ZED Air Silin / ZED ...,14 Inch),2 GB DDR3,DDR,,Intel Atom Quad Core,64 bit Windows 10,10990,551,3.7
HP,HP Pavilion 15 Core i5 8th Gen - (8 GB/1 TB HDD/Windows 10 Home/4 GB Graphics) 15-BC406TX Gaming Lapto...,15.6,8 GB DDR4,DDR,1 TB HDD,Intel Core i5  (8th Gen),64 bit Windows 10,53990,102,4.4
LENOVO,Lenovo Core i5 8th Gen - (8 GB/1 TB HDD/DOS) L340-15IWL Laptop,15.6,8 GB DDR4,DDR,1 TB HDD,Intel Core i5  (8th Gen),DOS,39990,34,4.4
DELL,Dell Vostro 14 3000 Core i5 8th Gen - (8 GB/1 TB HDD/Linux/2 GB Graphics) VOS 3480 Laptop,14,8 GB DDR4,DDR,1 TB HDD,Intel Core i5  (8th Gen),Linux/Ubuntu,44990,1723,4.3
HP,HP Celeron Dual Core - (4 GB/64 GB EMMC Storage/Chrome OS) 14-ca003TU Chromebook,14,4 GB DDR4,DDR,,Intel Celeron Dual Core,Chrome,22990,3,3.7
ASUS,Asus VivoBook 14 Core i3 7th Gen - (4 GB/256 GB SSD/Windows 10 Home) X412UA-EK343T Laptop,14,4 GB DDR4,DDR,256 GB SSD,Intel Core i3  (7th Gen),64 bit Windows 10,33990,681,4.4
LIFEDIGITAL,LifeDigital Zed Series Core i3 5th Gen - (8 GB/1 TB HDD/DOS) Zed Air CX3 Laptop,15.6,8 GB DDR3,DDR,1 TB HDD,Intel Core i3  (5th Gen),DOS,21990,6,4.3
HP,HP 15q APU Dual Core E2 - (4 GB/1 TB HDD/Windows 10 Home) 15q-dy0001AU Laptop,15.6,4 GB DDR4,DDR,1 TB HDD,AMD APU Dual Core E2,64 bit Windows 10,20990,269,4
ACER,Acer E5-576 Core i3 7th Gen - (4 GB/1 TB HDD/Windows 10) E5-576 Laptop,15.6,4 GB DDR4,DDR,1 TB HDD,Intel Core i3  (7th Gen),64 bit Windows 10,28990,204,4.1
MSI,MSI GF Core i5 9th Gen - (8 GB/1 TB HDD/Windows 10 Home/4 GB Graphics) GF63 Thin 9RCX-648IN Gaming Lap...,15.6,8 GB DDR4,DDR,1 TB HDD,Intel Core i5  (9th Gen),64 bit Windows 10,58990,61,4.4
LIFEDIGITAL,LifeDigital Zed Series Core i3 5th Gen - (4 GB/1 TB HDD/DOS) Zed Air CX3 Laptop,15.6,4 GB DDR3,DDR,1 TB HDD,Intel Core i3  (5th Gen),DOS,18990,31,4.1
HP,HP 14q APU Dual Core A6 - (4 GB/256 GB SSD/Windows 10 Home) 14q-cy0004AU Thin and Light Laptop,14,4 GB DDR4,DDR,256 GB SSD,AMD APU Dual Core A6,64 bit Windows 10,19990,694,4
ACER,Acer Helios 300 Core i7 9th Gen - (16 GB/1 TB HDD/256 GB SSD/Windows 10 Home/6 GB Graphics) PH317-53-7...,17.3,16 GB DDR4,DDR,1 TB HDD|256 GB SSD,Intel Core i7  (9th Gen),64 bit Windows 10,141990,3,5
ACER,Acer Spin 1 Pentium Quad Core - (4 GB/500 GB HDD/Windows 10 Home) SP111-33-P50R 2 in 1 Laptop,11.6,4 GB DDR4,DDR,500 GB HDD,Intel Pentium Quad Core,64 bit Windows 10,31324,2397,4.1
LIFEDIGITAL,LifeDigital Zed Series Celeron Dual Core - (3 GB/500 GB HDD/Windows 10 Home) Zed Air Plus Laptop,15.6,3 GB DDR3,DDR,500 GB HDD,Intel Celeron Dual Core,64 bit Windows 10,16291,56,4.4
ACER,Acer Aspire 3 Pentium Gold - (4 GB/500 GB HDD/Windows 10 Home) A315-53-P4MY Laptop,15.6,4 GB DDR4,DDR,500 GB HDD,Intel Pentium Gold,64 bit Windows 10,19490,132,3.6
ACER,Acer Swift 7 Core i5 7th Gen - (8 GB/256 GB SSD/Windows 10 Home) SF713-51 Thin and Light Laptop,13.3,8 GB DDR3,DDR,256 GB SSD,Intel Core i5  (7th Gen),64 bit Windows 10,60990,15,4.6
ACER,Acer Swift 3 Core i5 8th Gen - (8 GB/1 TB HDD/Linux) SF315-51 Laptop,15.6,8 GB DDR4,DDR,1 TB HDD,Intel Core i5  (8th Gen),Linux/Ubuntu,43990,59,4.2
RDP,RDP ThinBook Atom Quad Core - (4 GB/32 GB EMMC Storage/Windows 10) ThinBook 1310-EC1 Laptop,11.6,4 GB DDR3,DDR,,Intel Atom Quad Core,64 bit Windows 10,13490,100,3.7
ASUS,Asus APU Dual Core E1 - (4 GB/500 GB HDD/Windows 10 Home) X540YA-XO547T Laptop,15.6,4 GB DDR3,DDR,500 GB HDD,AMD APU Dual Core E1,64 bit Windows 10,17990,1932,3.8
ACER,Acer Aspire 5 Core i3 8th Gen - (4 GB/1 TB HDD/Windows 10 Home) A515-52 Laptop,15.6,4 GB DDR4,DDR,1 TB HDD,Intel Core i3  (8th Gen),64 bit Windows 10,32990,33,3.9
ACER,Acer Spin 3 Core i3 6th Gen - (4 GB/1 TB HDD/Windows 10 Home) SP315-51-3723 2 in 1 Laptop,15.6,4 GB DDR4,DDR,1 TB HDD,Intel Core i3  (6th Gen),64 bit Windows 10,43999,28,3.8
ACER,Acer Nitro 5 Core i7 9th Gen - (8 GB/1 TB HDD/256 GB SSD/Windows 10 Home/4 GB Graphics) AN515-54-742F ...,15.6,8 GB DDR4,DDR,1 TB HDD|256 GB SSD,Intel Core i7  (9th Gen),64 bit Windows 10,82990,71,4.4
HP,HP Pavilion 15 Core i5 8th Gen - (8 GB/1 TB HDD/Windows 10 Home/4 GB Graphics) 15-BC406TX Gaming Lapto...,15.6,8 GB DDR4,DDR,1 TB HDD,Intel Core i5  (8th Gen),64 bit Windows 10,53990,102,4.4
LENOVO,Lenovo Ideapad 330 APU Dual Core A9 - (4 GB/1 TB HDD/Windows 10 Home) 330-15AST Laptop,15.6,4 GB DDR4,DDR,1 TB HDD,AMD APU Dual Core A9,64 bit Windows 10,25388,11,4.1
ASUS,Asus ZenBook 13 Core i5 8th Gen - (8 GB/512 GB SSD/Windows 10 Home) UX333FA-A4117T Thin and Light Lapt...,13.3,8 GB DDR3,DDR,512 GB SSD,Intel Core i5  (8th Gen),64 bit Windows 10,74990,6,4.2
LENOVO,Lenovo Ideapad 330 Core i5 8th Gen - (8 GB/1 TB HDD/Windows 10 Home) 330-15IKB Laptop,15.6,8 GB DDR4,DDR,1 TB HDD,Intel Core i5  (8th Gen),64 bit Windows 10,42990,20,3.8
ASUS,Asus VivoBook S15 Core i7 8th Gen - (8 GB/1 TB HDD/256 GB SSD/Windows 10 Home/2 GB Graphics) S530UN-BQ...,15.6,8 GB DDR4,DDR,1 TB HDD|256 GB SSD,Intel Core i7  (8th Gen),64 bit Windows 10,87990,2,3.5
DELL,Dell Inspiron 14 5000 Series Core i3 8th Gen - (4 GB/1 TB HDD/Windows 10 Home) 5482 2 in 1 Laptop,14,4 GB DDR4,DDR,1 TB HDD,Intel Core i3  (8th Gen),64 bit Windows 10,49990,8,4
ASUS,Asus VivoBook 14 Core i3 7th Gen - (4 GB/256 GB SSD/Windows 10 Home) X412UA-EK343T Laptop,14,4 GB DDR4,DDR,256 GB SSD,Intel Core i3  (7th Gen),64 bit Windows 10,33990,681,4.4
MSI,MSI GF63 Thin Core i7 9th Gen - (8 GB/512 GB SSD/Windows 10 Home/4 GB Graphics) GF63 Thin 9SC-460IN Ga...,15.6,8 GB DDR4,DDR,512 GB SSD,Intel Core i7  (9th Gen),64 bit Windows 10,78990,15,4.1
LENOVO,Lenovo G50-30 Pentium Quad Core 4th Gen - (4 GB/500 GB HDD/DOS) G50-30 Laptop,15.6,4 GB DDR3,DDR,500 GB HDD,Intel Pentium Quad Core  (4th Gen),DOS,25290,396,4
ASUS,Asus VivoBook S Series Core i5 8th Gen - (8 GB/1 TB HDD/256 GB SSD/Windows 10 Home) S430FA-EB031T Lapt...,14,8 GB DDR4,DDR,1 TB HDD|256 GB SSD,Intel Core i5  (8th Gen),64 bit Windows 10,57990,703,4.5
HP,HP 14q APU Dual Core A6 - (4 GB/256 GB SSD/Windows 10 Home) 14q-cy0004AU Thin and Light Laptop,14,4 GB DDR4,DDR,256 GB SSD,AMD APU Dual Core A6,64 bit Windows 10,19990,694,4
RDP,RDP ThinBook Atom Quad Core 8th Gen - (2 GB/500 GB HDD/32 GB EMMC Storage/Windows 10) 1450-ECH Laptop,14.1,2 GB DDR3,DDR,500 GB HDD,Intel Atom Quad Core  (8th Gen),32 bit Windows 10,15474,18,2.6
ASUS,Asus Vivobook Core i7 8th Gen - (8 GB/1 TB HDD/Windows 10 Home/2 GB Graphics) X510UN-EJ329T Laptop,15.6,8 GB DDR4,DDR,1 TB HDD,Intel Core i7  (8th Gen),64 bit Windows 10,57490,390,3.9
DELL,Dell Inspiron 15 3000 Core i3 7th Gen - (4 GB/1 TB HDD/Windows 10 Home) 3584 Laptop,15.6,4 GB DDR4,DDR,1 TB HDD,Intel Core i3  (7th Gen),64 bit Windows 10,32999,2397,4.1
AVITA,Avita Liber Core i7 8th Gen - (8 GB/256 GB SSD/Windows 10 Home) NS14A2IN239P Thin and Light Laptop,14,8 GB DDR4,DDR,256 GB SSD,Intel Core i7  (8th Gen),64 bit Windows 10,75990,95,4.3
DELL,Dell Inspiron 13 7000 Core i7 8th Gen - (16 GB/512 GB SSD/Windows 10 Home) 7373 2 in 1 Laptop,13.3,16 GB DDR4,DDR,512 GB SSD,Intel Core i7  (8th Gen),64 bit Windows 10,102990,8,3.5
ASUS,Asus ZenBook Core i5 8th Gen - (8 GB/256 GB SSD/Windows 10 Home) UX430UA-GV372T Thin and Light Laptop,14,8 GB DDR4,DDR,256 GB SSD,Intel Core i5  (8th Gen),64 bit Windows 10,52990,1932,3.8
ASUS,Asus APU Dual Core E1 - (4 GB/500 GB HDD/Windows 10 Home) X540YA-XO547T Laptop,15.6,4 GB DDR3,DDR,500 GB HDD,AMD APU Dual Core E1,64 bit Windows 10,17990,10,4.3
DELL,Dell Inspiron 15 3000 Core i3 7th Gen - (4 GB/1 TB HDD/Windows 10 Home) 3567 Laptop,15.6,4 GB DDR4,DDR,1 TB HDD,Intel Core i3  (7th Gen),64 bit Windows 10,29999,5,3.8
LENOVO,Lenovo MIIX 320 Atom - (4 GB/128 GB EMMC Storage/Windows 10 Home) 80XF00DFIN 2 in 1 Laptop,10.1,4 GB DDR3,DDR,,Intel Atom,64 bit Windows 10,27840,102,4.4
ZENTALITY,Zentality Air Atom Quad Core - (2 GB/32 GB EMMC Storage/Windows 10 Home) C114 Laptop,14.1,2 GB DDR3,DDR,,Intel Atom Quad Core,64 bit Windows 10,13518,95,4.5
ASUS,Asus VivoBook 14 APU Quad Core A12 - (4 GB/1 TB HDD/Windows 10 Home) X411QA-EK001T Thin and Light Lapt...,14,4 GB DDR4,DDR,1 TB HDD,AMD APU Quad Core A12,64 bit Windows 10,25990,8,3.5
AVITA,Avita Liber Core i5 8th Gen - (8 GB/512 GB SSD/Windows 10 Home) NS14A2IN215P Thin and Light Laptop,14,8 GB DDR4,DDR,512 GB SSD,Intel Core i5  (8th Gen),64 bit Windows 10,72990,681,4.4
HP,HP Pavilion 15 Core i5 8th Gen - (8 GB/1 TB HDD/Windows 10 Home/4 GB Graphics) 15-BC406TX Gaming Lapto...,15.6,8 GB DDR4,DDR,1 TB HDD,Intel Core i5  (8th Gen),64 bit Windows 10,53990,315,4
AVITA,Avita Liber Core i5 8th Gen - (8 GB/256 GB SSD/Windows 10 Home) NS14A2IN201P Thin and Light Laptop,14,8 GB DDR4,DDR,256 GB SSD,Intel Core i5  (8th Gen),64 bit Windows 10,64990,694,4
AVITA,Avita Liber Core i5 7th Gen - (8 GB/512 GB SSD/Windows 10 Home) NS13A1IN013P Thin and Light Laptop,13.3,8 GB DDR3,DDR,512 GB SSD,Intel Core i5  (7th Gen),64 bit Windows 10,73990,2397,4.1
AVITA,Avita Magus Celeron Dual Core - (4 GB/64 GB EMMC Storage/Windows 10 Home) NS12T5IN001P 2 in 1 Laptop,12.2,4 GB DDR3,DDR,,Intel Celeron Dual Core,64 bit Windows 10,20490,50,4.5
AVITA,Avita Liber Core i5 7th Gen - (8 GB/256 GB SSD/Windows 10 Home) NS14A1IN008P Thin and Light Laptop,14,8 GB DDR3,DDR,256 GB SSD,Intel Core i5  (7th Gen),64 bit Windows 10,41990,26,4.3
ACER,Acer Swift 7 Core i5 7th Gen - (8 GB/256 GB SSD/Windows 10 Home) SF713-51 Thin and Light Laptop,13.3,8 GB DDR3,DDR,256 GB SSD,Intel Core i5  (7th Gen),64 bit Windows 10,69990,5,2.2
ASUS,Asus X510UA Core i3 8th Gen - (4 GB/1 TB HDD/Windows 10 Home) X510UA-EJ1070T Laptop,15.6,4 GB DDR4,DDR,1 TB HDD,Intel Core i3  (8th Gen),64 bit Windows 10,32990,27,4.6
ASUS,Asus VivoBook 15 Core i5 8th Gen - (8 GB/512 GB SSD/Windows 10 Home/2 GB Graphics) X512FL-EJ203T Lapto...,15.6,8 GB DDR4,DDR,512 GB SSD,Intel Core i5  (8th Gen),64 bit Windows 10,56990,1932,3.8
ASUS,Asus APU Dual Core E1 - (4 GB/500 GB HDD/Windows 10 Home) X540YA-XO547T Laptop,15.6,4 GB DDR3,DDR,500 GB HDD,AMD APU Dual Core E1,64 bit Windows 10,17990,7,3.6
ALIENWARE,Alienware 17 Core i7 8th Gen - (16 GB/1 TB HDD/512 GB SSD/Windows 10 Home/8 GB Graphics) AW177161TB8S ...,17.3,16 GB DDR4,DDR,1 TB HDD|512 GB SSD,Intel Core i7  (8th Gen),64 bit Windows 10,228990,21,4.1
HP,HP 15 Core i3 7th Gen - (4 GB/1 TB HDD/Windows 10 Home/2 GB Graphics) 15-DA0447TX Laptop,15.6,4 GB DDR4,DDR,1 TB HDD,Intel Core i3  (7th Gen),64 bit Windows 10,38490,102,4.4
SMARTRON,Smartron t.book flex Core i5 7th Gen - (4 GB/128 GB SSD/Windows 10 Home) T1224 2 in 1 Laptop,12.2,4 GB DDR3,DDR,128 GB SSD,Intel Core i5  (7th Gen),64 bit Windows 10,52990,29,3.8
HP,HP Pavilion 15 Core i5 8th Gen - (8 GB/1 TB HDD/Windows 10 Home/4 GB Graphics) 15-BC406TX Gaming Lapto...,15.6,8 GB DDR4,DDR,1 TB HDD,Intel Core i5  (8th Gen),64 bit Windows 10,53990,3,5
AVITA,Avita Magus Celeron Dual Core - (4 GB/64 GB EMMC Storage/Windows 10 Home) NS12T5IN002P 2 in 1 Laptop,12.2,4 GB DDR3,DDR,,Intel Celeron Dual Core,64 bit Windows 10,20490,681,4.4
SMARTRON,Smartron t.book flex Core i5 7th Gen - (4 GB/128 GB SSD/Windows 10 Home) T1224 2 in 1 Laptop,12.2,4 GB DDR3,DDR,128 GB SSD,Intel Core i5  (7th Gen),64 bit Windows 10,52990,28,4.3
ASUS,Asus ZenBook Pro 15 Core i9 8th Gen - (16 GB/1 TB SSD/Windows 10 Home/4 GB Graphics) UX580GE-E2032T La...,15.6,16 GB DDR4,DDR,1 TB SSD,Intel Core i9  (8th Gen),64 bit Windows 10,204990,19,3.8
ALIENWARE,Alienware 17 Core i9 8th Gen - (32 GB/1 TB HDD/1 TB SSD/Windows 10 Home/8 GB Graphics) AW179321TB8S Ga...,17.3,32 GB DDR4,DDR,1 TB HDD|1 TB SSD,Intel Core i9  (8th Gen),64 bit Windows 10,348990,13,3.5
LENOVO,Lenovo Ideapad 330 Core i3 7th Gen - (4 GB/1 TB HDD/Windows 10 Home/2 GB Graphics) Ideapad 330 Laptop,15.6,4 GB DDR4,DDR,1 TB HDD,Intel Core i3  (7th Gen),64 bit Windows 10,35990,694,4
ASUS,Asus VivoBook 14 Core i3 7th Gen - (4 GB/256 GB SSD/Windows 10 Home) X412UA-EK343T Laptop,14,4 GB DDR4,DDR,256 GB SSD,Intel Core i3  (7th Gen),64 bit Windows 10,33990,4,4
SMARTRON,Smartron t.book flex Core m3 7th Gen - (4 GB/128 GB SSD/Windows 10 Home) T1223 2 in 1 Laptop,12.2,4 GB DDR3,DDR,128 GB SSD,Intel Core m3  (7th Gen),64 bit Windows 10,42490,78,4
SMARTRON,Smartron t.book flex Core m3 7th Gen - (4 GB/128 GB SSD/Windows 10 Home) T1223 2 in 1 Laptop,12.2,4 GB DDR3,DDR,128 GB SSD,Intel Core m3  (7th Gen),64 bit Windows 10,42990,13,4.2
ASUS,Asus Vivobook Max Core i3 7th Gen - (4 GB/1 TB HDD/Windows 10 Home) X541UA-DM1232T Laptop,15.6,4 GB DDR4,DDR,1 TB HDD,Intel Core i3  (7th Gen),64 bit Windows 10,31990,138,4
ASUS,Asus Vivobook Core i3 7th Gen - (8 GB/1 TB HDD/Windows 10) X507UA-EJ274T Laptop,15.6,8 GB DDR4,DDR,1 TB HDD,Intel Core i3  (7th Gen),64 bit Windows 10,30990,187,4.1
ASUS,Asus APU Dual Core E1 - (4 GB/500 GB HDD/Windows 10 Home) X540YA-XO547T Laptop,15.6,4 GB DDR3,DDR,500 GB HDD,AMD APU Dual Core E1,64 bit Windows 10,17990,1932,3.8
AVITA,Avita Liber Core i5 7th Gen - (8 GB/128 GB SSD/Windows 10 Home) NS14A1IN501P Thin and Light Laptop,14,8 GB DDR3,DDR,128 GB SSD,Intel Core i5  (7th Gen),64 bit Windows 10,34990,185,4.2
ASUS,Asus Core i3 6th Gen - (4 GB/1 TB HDD/Windows 10 Home) F541UA-XO2230T Laptop,15.6,4 GB DDR4,DDR,1 TB HDD,Intel Core i3  (6th Gen),64 bit Windows 10,25990,3250,4
LENOVO,Lenovo Ideapad 110 APU Quad Core A6 6th Gen - (4 GB/500 GB HDD/Windows 10 Home) IP110 15ACL Laptop,15.6,4 GB DDR3,DDR,500 GB HDD,AMD APU Quad Core A6  (6th Gen),64 bit Windows 10,22000,1584,4
HP,HP Pavilion 15 Core i5 8th Gen - (8 GB/1 TB HDD/Windows 10 Home/4 GB Graphics) 15-BC406TX Gaming Lapto...,15.6,8 GB DDR4,DDR,1 TB HDD,Intel Core i5  (8th Gen),64 bit Windows 10,53990,102,4.4
LENOVO,Lenovo Ideapad Core i3 6th Gen - (4 GB/1 TB HDD/DOS) IP 320E Laptop,15.6,4 GB DDR4,DDR,1 TB HDD,Intel Core i3  (6th Gen),DOS,26990,6161,4.1
ASUS,Asus ZenBook 13 Core i5 8th Gen - (8 GB/512 GB SSD/Windows 10 Home) UX333FA-A4118T Thin and Light Lapt...,13.3,8 GB DDR3,DDR,512 GB SSD,Intel Core i5  (8th Gen),64 bit Windows 10,75990,6,4.2
LENOVO,Lenovo Ideapad Core i5 7th Gen - (8 GB/1 TB HDD/Windows 10 Home/2 GB Graphics) IP 320S-14IKB Laptop,14,8 GB DDR4,DDR,1 TB HDD,Intel Core i5  (7th Gen),64 bit Windows 10,54990,166,4.1
RDP,RDP ThinBook Atom Quad Core 7th Gen - (2 GB/32 GB HDD/Windows 10 Pro) 1430P Business Laptop,14.1,2 GB DDR3,DDR,32 GB HDD,Intel Atom Quad Core  (7th Gen),32 bit Windows 10,12499,70,3.7
HP,HP 14 Core i5 8th Gen - (8 GB/1 TB HDD/Windows 10 Home) 14-bf119TU Laptop,14,8 GB DDR4,DDR,1 TB HDD,Intel Core i5  (8th Gen),64 bit Windows 10,56990,8,4.6
ASUS,Asus VivoBook 14 Core i3 7th Gen - (4 GB/256 GB SSD/Windows 10 Home) X412UA-EK343T Laptop,14,4 GB DDR4,DDR,256 GB SSD,Intel Core i3  (7th Gen),64 bit Windows 10,33990,681,4.4
ACER,Acer Aspire 5s Core i5 8th Gen - (8 GB/1 TB HDD/Windows 10 Home) A515-52 Laptop,15.6,8 GB DDR4,DDR,1 TB HDD,Intel Core i5  (8th Gen),64 bit Windows 10,41990,898,4.2
ASUS,Asus ZenBook 13 Core i7 8th Gen - (8 GB/512 GB SSD/Windows 10 Home) UX333FA-A4116T Thin and Light Lapt...,13.3,8 GB DDR3,DDR,512 GB SSD,Intel Core i7  (8th Gen),64 bit Windows 10,88990,5,3.6
DELL,Dell Inspiron 15 5000 Core i5 7th Gen - (8 GB/1 TB HDD/Linux) 5567 Laptop,15.6,8 GB DDR4,DDR,1 TB HDD,Intel Core i5  (7th Gen),Linux/Ubuntu,41990,674,4.3
HP,HP 14q APU Dual Core A6 - (4 GB/256 GB SSD/Windows 10 Home) 14q-cy0004AU Thin and Light Laptop,14,4 GB DDR4,DDR,256 GB SSD,AMD APU Dual Core A6,64 bit Windows 10,19990,694,4
LENOVO,Lenovo Ideapad S340 Core i5 8th Gen - (8 GB/512 GB SSD/Windows 10 Home/2 GB Graphics) S340 Laptop,15.6,8 GB DDR4,DDR,512 GB SSD,Intel Core i5  (8th Gen),64 bit Windows 10,55998,10,4.7
ACER,Acer Swift 5 Core i7 8th Gen - (8 GB/512 GB SSD/Windows 10 Home) SF514-52T Thin and Light Laptop,14,8 GB DDR3,DDR,512 GB SSD,Intel Core i7  (8th Gen),64 bit Windows 10,66990,16,3.7
DELL,Dell Vostro 15 3000 Core i3 7th Gen - (4 GB/1 TB HDD/Linux) 3568 Laptop,15.6,4 GB DDR4,DDR,1 TB HDD,Intel Core i3  (7th Gen),Linux/Ubuntu,29920,481,3.8
LAVA,Lava Helium Atom Quad Core 7th Gen - (2 GB/32 GB EMMC Storage/Windows 10 Home) C121 Laptop,12.5,2 GB DDR3,DDR,,Intel Atom Quad Core  (7th Gen),64 bit Windows 10,10549,26,3.9
ASUS,Asus Core i3 6th Gen - (4 GB/1 TB HDD/Windows 10 Home/2 GB Graphics) X507UB-EJ187T Laptop,15.6,4 GB DDR4,DDR,1 TB HDD,Intel Core i3  (6th Gen),64 bit Windows 10,31999,2397,4.1
ACER,Acer Aspire 3 Pentium Gold - (4 GB/500 GB HDD/Windows 10 Home) A315-53-P4MY Laptop,15.6,4 GB DDR4,DDR,500 GB HDD,Intel Pentium Gold,64 bit Windows 10,19490,60,4
HP,HP Pavilion x360 Pentium Quad Core - (4 GB/1 TB HDD/Windows 10 Home) 11-ad105tu 2 in 1 Laptop,11.6,4 GB DDR4,DDR,1 TB HDD,Intel Pentium Quad Core,64 bit Windows 10,38990,69,4.3
LENOVO,Lenovo Ideapad 330 APU Dual Core A9 - (4 GB/1 TB HDD/DOS/2 GB Graphics) 330-15AST Laptop,15.6,4 GB DDR4,DDR,1 TB HDD,AMD APU Dual Core A9,DOS,28000,1932,3.8
ASUS,Asus APU Dual Core E1 - (4 GB/500 GB HDD/Windows 10 Home) X540YA-XO547T Laptop,15.6,4 GB DDR3,DDR,500 GB HDD,AMD APU Dual Core E1,64 bit Windows 10,17990,33,3.9
DELL,Dell Inspiron 15 5000 Core i5 8th Gen - (8 GB/1 TB HDD/Windows 10 Home/2 GB Graphics) 5570 Laptop,15.6,8 GB DDR4,DDR,1 TB HDD,Intel Core i5  (8th Gen),64 bit Windows 10,57990,36,4.1
LENOVO,Lenovo Ideapad 520 Core i5 8th Gen - (4 GB/1 TB HDD/Windows 10 Home/2 GB Graphics) 520-15IKB Laptop,15.6,4 GB DDR4,DDR,1 TB HDD,Intel Core i5  (8th Gen),64 bit Windows 10,49990,13,3.8
AVITA,Avita Liber Core i3 8th Gen - (8 GB/128 GB SSD/Windows 10 Home) NS14A2IN190P Thin and Light Laptop,14,8 GB DDR4,DDR,128 GB SSD,Intel Core i3  (8th Gen),64 bit Windows 10,36990,102,4.4
LENOVO,Lenovo Ideapad 330 Core i3 8th Gen - (4 GB/1 TB HDD/Windows 10 Home/512 MB Graphics) Ideapad 330 Lapto...,15.6,4 GB DDR4,DDR,1 TB HDD,Intel Core i3  (8th Gen),64 bit Windows 10,42000,15,3.1
DELL,Dell Inspiron 15 5000 Core i7 8th Gen - (8 GB/2 TB HDD/Windows 10 Home/4 GB Graphics) 5570 Laptop,15.6,8 GB DDR4,DDR,2 TB HDD,Intel Core i7  (8th Gen),64 bit Windows 10,78990,7,4.6
HP,HP Pavilion 15 Core i5 8th Gen - (8 GB/1 TB HDD/Windows 10 Home/4 GB Graphics) 15-BC406TX Gaming Lapto...,15.6,8 GB DDR4,DDR,1 TB HDD,Intel Core i5  (8th Gen),64 bit Windows 10,53990,96,3.4
DELL,Dell Inspiron 15 3000 Series Core i5 8th Gen - (4 GB/1 TB HDD/Windows 10 Home) 3576 Laptop,15.6,4 GB DDR4,DDR,1 TB HDD,Intel Core i5  (8th Gen),64 bit Windows 10,44990,681,4.4
ACER,Acer Aspire F15 Core i5 7th Gen - (8 GB/2 TB HDD/Windows 10 Home/4 GB Graphics) F5-573 / F5-573G Lapto...,15.6,8 GB DDR4,DDR,2 TB HDD,Intel Core i5  (7th Gen),64 bit Windows 10,52990,9,4
DELL,Dell Inspiron Core i7 6th Gen - (16 GB/2 TB HDD/Windows 10 Home/4 GB Graphics) 5559 Laptop,15.6,16 GB DDR3,DDR,2 TB HDD,Intel Core i7  (6th Gen),64 bit Windows 10,87990,98,4.2
ASUS,Asus VivoBook 14 Core i3 7th Gen - (4 GB/256 GB SSD/Windows 10 Home) X412UA-EK343T Laptop,14,4 GB DDR4,DDR,256 GB SSD,Intel Core i3  (7th Gen),64 bit Windows 10,33990,6,4.5
HP,HP Windows 10 Core i3 8th Gen - (4 GB/1 TB HDD/Windows 10) 14-CD0076TU Laptop,14,4 GB DDR4,DDR,1 TB HDD,Intel Core i3  (8th Gen),Windows 10,42490,13,3.4
LENOVO,Lenovo Ideapad 330 Core i3 7th Gen - (4 GB/1 TB HDD/Windows 10 Home/512 MB Graphics) 81DC00DJIN Laptop,15.6,4 GB DDR4,DDR,1 TB HDD,Intel Core i3  (7th Gen),64 bit Windows 10,30594,45,3.8
ASUS,Asus ZenBook 13 Core i5 8th Gen - (8 GB/512 GB SSD/Windows 10 Home/2 GB Graphics) UX333FN-A4116T Thin ...,13.3,8 GB DDR3,DDR,512 GB SSD,Intel Core i5  (8th Gen),64 bit Windows 10,85990,694,4
HP,HP 15 Core i5 8th Gen - (4 GB/1 TB HDD/DOS) 15-da0300tu Laptop,15.6,4 GB DDR4,DDR,1 TB HDD,Intel Core i5  (8th Gen),DOS,43990,108,4.5
DELL,Dell Inspiron 5000 Core i5 6th Gen - (8 GB/1 TB HDD/Windows 10 Home/4 GB Graphics) 5559 Laptop,15.6,8 GB DDR3,DDR,1 TB HDD,Intel Core i5  (6th Gen),64 bit Windows 10,61990,15,4.1
HP,HP 14q APU Dual Core A6 - (4 GB/256 GB SSD/Windows 10 Home) 14q-cy0004AU Thin and Light Laptop,14,4 GB DDR4,DDR,256 GB SSD,AMD APU Dual Core A6,64 bit Windows 10,19990,3,2.3
ASUS,Asus ROG Strix Edition Core i7 8th Gen - (16 GB/1 TB HDD/256 GB SSD/Windows 10 Home/4 GB Graphics) GL5...,15.6,16 GB DDR4,DDR,1 TB HDD|256 GB SSD,Intel Core i7  (8th Gen),64 bit Windows 10,95990,212,4.6
HP,HP OMEN Core i7 7th Gen - (8 GB/1 TB HDD/128 GB SSD/Windows 10 Home/4 GB Graphics) 15-ax252TX Gaming L...,15.6,8 GB DDR4,DDR,1 TB HDD|128 GB SSD,Intel Core i7  (7th Gen),64 bit Windows 10,100001,1,4
DELL,Dell Latitude 3490 Core i5 8th Gen - (4 GB/1 TB HDD/Ubuntu) Latitude 3490 Laptop,14,4 GB DDR4,DDR,1 TB HDD,Intel Core i5  (8th Gen),64 bit Linux/Ubuntu,48990,59,4.7
DELL,Dell Latitude 7440 Pentium Dual Core 4th Gen - (16 GB/500 GB HDD/Windows 8) E7440 Laptop,14,16 GB DDR3L,DDR,500 GB HDD,Intel Pentium Dual Core  (4th Gen),64 bit Windows 8,24000,1932,3.8
